alter session set nls_date_format='yyyy-MM-dd hh24:mi:ss';

-- HOSPITAL
INSERT INTO HOSPITAL VALUES ('abcd1234', '튼튼속내과의원', '대구 동구 신암로 80', '0531234567', '내과', '9:00-18:00', '내시경', 'Y');
INSERT INTO HOSPITAL VALUES ('hos1016', '화원정형외과의원', '대구광역시 달성군 화원읍 비슬로 2610', '053-631-7875', '정형외과', '9:00-17:30', NULL, 'Y');
INSERT INTO HOSPITAL VALUES ('aefa4646', '현풍제일연합의원', '대구광역시 달성군 현풍읍 비슬로130길 97', '053-617-7755', '내과, 소아청소년과', '8:30-9:00', '내시경', 'N');
INSERT INTO HOSPITAL VALUES ('gra468', '이미정산부인과사랑의원', '대구광역시 달서구 월배로 170, 2층 (상인동)', '053-636-8275', '산부인과', '8:40-17:30', '유방촬영장치', NULL);
INSERT INTO HOSPITAL VALUES ('ragaar1463', '부강외과의원', '대구광역시 달서구 월배로 138, 6층 (진천동)', '053-638-7575', '외과', '9:00-18:30', NULL, 'Y');
INSERT INTO HOSPITAL VALUES ('agwe9564', '준이비인후과의원', '대구광역시 달서구 조암남로 42, 트럼프스타 202,204호 (월성동)', '053-643-1119', '이비인후과', '9:00-18:30', NULL, 'Y');
INSERT INTO HOSPITAL VALUES ('bggds64', '경대연합안과의원', '대구광역시 달서구 월배로 233, 6층 (상인동)', '053-636-8875', '안과', '9:00-18:00', NULL, 'Y');
INSERT INTO HOSPITAL VALUES ('adfef7545', '채흉부외과의원', '대구광역시 서구 팔달로 158 (비산동)', '053-357-8880', '외과', '9:00-18:00', NULL, 'Y');
INSERT INTO HOSPITAL VALUES ('fea54586', '경대본정형외과의원', '대구광역시 서구 국채보상로 262, 1,6,7,8층 (평리동)', '053-553-8200', '정형외과', '9:00-18:00', NULL, 'N');
INSERT INTO HOSPITAL VALUES ('cdh451', '평화신경외과의원', '대구광역시 서구 팔달로 176, 2~5층 (원대동3가)', '053-256-0075', '신경외과', '9:00-18:00', NULL, NULL);
INSERT INTO HOSPITAL VALUES ('gb6avf', '아세아연합의원', '대구광역시 서구 서대구로 49, 지하1층,2층~3층 (내당동)', '053-562-0100', '산부인과, 내과, 소아청소년과', '9:00-17:00', '유방촬영장치', 'Y');
INSERT INTO HOSPITAL VALUES ('qwqw45641', '곽앤신연합이비인후과의원', '대구광역시 남구 월배로 474, 4층 (대명동)', '053-638-7582', '이비인후과', '9:00-18:00', NULL, 'Y');
INSERT INTO HOSPITAL VALUES ('fda4648', '보광병원', '대구광역시 달서구 구마로 128, 보광병원 (본동)', '053-651-3232', '내과, 정형외과, 신경외과, 영상의학과', '9:00-18:00', 'CT, MRI', 'Y');
INSERT INTO HOSPITAL VALUES ('gregef648', '리더스재활의학병원', '대구광역시 남구 성당로 268 (대명동)', '053-628-1000', '재활의학과', '9:00-18:00', NULL, 'N');
INSERT INTO HOSPITAL VALUES ('htehwg654', '열린큰병원', '대구광역시 서구 내당동 242번지 1호', '053-565-9200', '내과, 정형외과, 마취통증의학과, 신경외과', '8:30-17:30', 'MRI', 'Y');
INSERT INTO HOSPITAL VALUES ('gsae78', '지혜로운아동병원', '대구광역시 달성군 현풍읍 테크노상업로 46, 테크노메디칼센터 3~4층', '053-716-1119', '소아청소년과', '9:00-18:00', NULL, 'Y');
INSERT INTO HOSPITAL VALUES ('jkruy654', '참조은병원', '대구광역시 달서구 월배로 404 (송현동)', '053-630-8000', '내과,정형외과,신경외과,마취통증의학과,소아청소년과', '9:00-18:00', 'MRI, CT', 'Y');
INSERT INTO HOSPITAL VALUES ('turk848', '여성아이병원', '대구광역시 달서구 월배로 141 (진천동)', '1877-6622', '산부인과, 내과, 소아청소년과', '9:00-20:00', '유방촬영장치', NULL);
INSERT INTO HOSPITAL VALUES ('ktude8465', '곽치과병원', '대구광역시 달서구 구마로 265, 5층 (성당동, 미래빌딩)', '053-654-3447', '치과', '10:00-19:00', NULL, NULL);
INSERT INTO HOSPITAL VALUES ('haaeh984', '토마스치과의원', '대구광역시 남구 대명로 296, 2층 (대명동)', '053-626-5656', '치과', '9:00-19:00', NULL, 'Y');

-- DEPARTMENT
INSERT INTO DEPARTMENT VALUES ('내과', 'abcd1234_01', 'abcd1234');
INSERT INTO DEPARTMENT VALUES ('정형외과', 'hos1016_01', 'hos1016');
INSERT INTO DEPARTMENT VALUES ('내과', 'aefa4646_01', 'aefa4646');
INSERT INTO DEPARTMENT VALUES ('소아청소년과', 'aefa4646_02', 'aefa4646');
INSERT INTO DEPARTMENT VALUES ('산부인과', 'gra468_01', 'gra468');
INSERT INTO DEPARTMENT VALUES ('외과', 'ragaar1463_01', 'ragaar1463');
INSERT INTO DEPARTMENT VALUES ('이비인후과', 'agwe9564_01', 'agwe9564');
INSERT INTO DEPARTMENT VALUES ('안과', 'bggds64_01', 'bggds64');
INSERT INTO DEPARTMENT VALUES ('외과', 'adfef7545_01', 'adfef7545');
INSERT INTO DEPARTMENT VALUES ('정형외과', 'fea54586_01', 'fea54586');
INSERT INTO DEPARTMENT VALUES ('신경외과', 'cdh451_01', 'cdh451');
INSERT INTO DEPARTMENT VALUES ('산부인과', 'gb6avf_01', 'gb6avf');
INSERT INTO DEPARTMENT VALUES ('내과', 'gb6avf_02', 'gb6avf');
INSERT INTO DEPARTMENT VALUES ('소아청소년과', 'gb6avf_03', 'gb6avf');
INSERT INTO DEPARTMENT VALUES ('이비인후과', 'qwqw45641_01', 'qwqw45641');
INSERT INTO DEPARTMENT VALUES ('내과', 'fda4648_01', 'fda4648');
INSERT INTO DEPARTMENT VALUES ('정형외과', 'fda4648_02', 'fda4648');
INSERT INTO DEPARTMENT VALUES ('신경외과', 'fda4648_03', 'fda4648');
INSERT INTO DEPARTMENT VALUES ('영상의학과', 'fda4648_04', 'fda4648');
INSERT INTO DEPARTMENT VALUES ('재활의학과', 'gregef648_01', 'gregef648');
INSERT INTO DEPARTMENT VALUES ('내과', 'htehwg654_01', 'htehwg654');
INSERT INTO DEPARTMENT VALUES ('정형외과', 'htehwg654_02', 'htehwg654');
INSERT INTO DEPARTMENT VALUES ('마취통증의학과', 'htehwg654_03', 'htehwg654');
INSERT INTO DEPARTMENT VALUES ('신경외과', 'htehwg654_04', 'htehwg654');
INSERT INTO DEPARTMENT VALUES ('소아청소년과', 'gsae78_01', 'gsae78');
INSERT INTO DEPARTMENT VALUES ('내과', 'jkruy654_01', 'jkruy654');
INSERT INTO DEPARTMENT VALUES ('정형외과', 'jkruy654_02', 'jkruy654');
INSERT INTO DEPARTMENT VALUES ('신경외과', 'jkruy654_03', 'jkruy654');
INSERT INTO DEPARTMENT VALUES ('마취통증의학과', 'jkruy654_04', 'jkruy654');
INSERT INTO DEPARTMENT VALUES ('소아청소년과', 'jkruy654_05', 'jkruy654');
INSERT INTO DEPARTMENT VALUES ('산부인과', 'turk848_01', 'turk848');
INSERT INTO DEPARTMENT VALUES ('내과', 'turk848_02', 'turk848');
INSERT INTO DEPARTMENT VALUES ('소아청소년과', 'turk848_03', 'turk848');
INSERT INTO DEPARTMENT VALUES ('치과', 'ktude8465_01', 'ktude8465');
INSERT INTO DEPARTMENT VALUES ('치과', 'haaeh984_01', 'haaeh984');

-- DOCTOR
INSERT INTO DOCTOR VALUES ('123456789', '철수','이', '내과', 'abcd1234_01', '월,화,수,목,금', '경북대학교 의과대학 졸업');
INSERT INTO DOCTOR VALUES ('987654321', '성호','김', '정형외과', 'hos1016_01', '월,화,수,목,금,토', '영남대학교 의과대학 졸업');
INSERT INTO DOCTOR VALUES ('135798642', '정훈','박', '내과', 'aefa4646_01', '', '서울대학교 의과대학 졸업');
INSERT INTO DOCTOR VALUES ('111111111', '지영','이', '내과', 'aefa4646_01', '월,화,수,목', '계명대학교 의과대학 졸업');
INSERT INTO DOCTOR VALUES ('55558888', '현정','박', '소아청소년과', 'aefa4646_02', '월,화,목,금', '');
INSERT INTO DOCTOR VALUES ('222222222', '지훈','최', '산부인과', 'gra468_01', '월,화,수,목,금', '경북대학교 의과대학 졸업');
INSERT INTO DOCTOR VALUES ('333333333', '성민','이', '외과', 'ragaar1463_01', '월,화,수,목,금', '연세대학교 의과대학 졸업');
INSERT INTO DOCTOR VALUES ('444444444', '현우','조', '이비인후과', 'agwe9564_01', '월,화,수,목,금', '성균관대학교 의과대학 졸업');
INSERT INTO DOCTOR VALUES ('555555555', '상훈','박', '안과', 'bggds64_01', '월,수,금', '성균관대학교 의과대학 졸업');
INSERT INTO DOCTOR VALUES ('666666666', '나진','현', '안과', 'bggds64_01', '월,화,목', '연세대학교 의과대학 졸업');
INSERT INTO DOCTOR VALUES ('777777777', '수진', '한','외과', 'adfef7545_01', '월,화,수,목,금', '계명대학교 의과대학 졸업');
INSERT INTO DOCTOR VALUES ('888888888', '민지','최', '정형외과', 'fea54586_01', '월,화,수,목,금', '인제대학교 의과대학 졸업');
INSERT INTO DOCTOR VALUES ('999999999', '수혁', '박','정형외과', 'fea54586_01', '월, 수, 금', '인하대학교 의과대학 졸업');
INSERT INTO DOCTOR VALUES ('101010101', '아름','진', '정형외과', 'fea54586_01', '화, 목', '부산대학교 의과대학 졸업');
INSERT INTO DOCTOR VALUES ('212121212', '은영','김', '신경외과', 'cdh451_01', '월,화,수,목,금', '부경대학교 의과대학 졸업');
INSERT INTO DOCTOR VALUES ('323232323', '효정','최', '신경외과', 'cdh451_01', '월,화,수', '인하대학교 의과대학 졸업');
INSERT INTO DOCTOR VALUES ('434343434', '효진','김', '신경외과', 'cdh451_01', '수,목,금', '부산대학교 의과대학 졸업');
INSERT INTO DOCTOR VALUES ('545454545', '종엽', '현','신경외과', 'cdh451_01', '화, 목', '부산대학교 의과대학 졸업');
INSERT INTO DOCTOR VALUES ('656565656', '지현', '송','산부인과', 'gb6avf_01', '월,목', '부산대학교 의과대학 졸업');
INSERT INTO DOCTOR VALUES ('656565655', '정수', '박', '산부인과', 'gb6avf_01', '화,수,금', '경북대학교 의과대학 졸업');
INSERT INTO DOCTOR VALUES ('998877665', '영희', '최','내과', 'gb6avf_02', '월,화,수,목,금', '건국대학교 의과대학 졸업');
INSERT INTO DOCTOR VALUES ('887766554', '영숙','김', '내과', 'gb6avf_02', '월,화,토', '동국대학교 의과대학 졸업');
INSERT INTO DOCTOR VALUES ('776655443', '하민', '최','소아청소년과', 'gb6avf_03', '화,목,금', '홍익대학교 의과대학 졸업');
INSERT INTO DOCTOR VALUES ('665544112', '승민', '김', '소아청소년과', 'gb6avf_03', '월,화,수,목,금', '계명대학교 의과대학 졸업');
INSERT INTO DOCTOR VALUES ('767676767', '준영', '이','이비인후과', 'qwqw45641_01', '월,화,수,목,금', '경북대학교 의과대학 졸업');
INSERT INTO DOCTOR VALUES ('777766444', '한수', '박','이비인후과', 'qwqw45641_01', '', '경북대학교 의과대학 졸업');
INSERT INTO DOCTOR VALUES ('878787878', '민수', '최','내과', 'fda4648_01', '월,화,수', '경북대학교 의과대학 졸업');
INSERT INTO DOCTOR VALUES ('010101010', '승지', '강','내과', 'fda4648_01', '화,수,금', '경북대학교 의과대학 졸업');
INSERT INTO DOCTOR VALUES ('121212121', '지우', '박','내과', 'fda4648_01', '수,목,금', '');
INSERT INTO DOCTOR VALUES ('989898989', '현우', '조','정형외과', 'fda4648_02', '', '연세대학교 의과대학 졸업');
INSERT INTO DOCTOR VALUES ('232323232', '원영', '정','정형외과', 'fda4648_02', '월,화,수,목,금', '중앙대학교 의과대학 졸업');
INSERT INTO DOCTOR VALUES ('343434343', '은지', '상','신경외과', 'fda4648_03', '월,화,수,목,금', '서울대학교 의과대학 졸업');
INSERT INTO DOCTOR VALUES ('454545454', '현수', '최','신경외과', 'fda4648_03', '', '계명대학교 의과대학 졸업');
INSERT INTO DOCTOR VALUES ('565656565', '현주', '송','영상의학과', 'fda4648_04', '월,화,수,목,금', '계명대학교 의과대학 졸업');
INSERT INTO DOCTOR VALUES ('676767676', '혜진', '고','재활의학과', 'gregef648_01', '월,화,수,목,금', '서울대학교 의과대학 졸업');
INSERT INTO DOCTOR VALUES ('787878787', '재은', '진','재활의학과', 'gregef648_01', '', '경희대학교 의과대학 졸업');
INSERT INTO DOCTOR VALUES ('898989898', '성진', '박','내과', 'htehwg654_01', '월,수,금', '서강대학교 의과대학 졸업');
INSERT INTO DOCTOR VALUES ('123123123', '영민', '이','내과', 'htehwg654_01', '월,화,목', '중앙대학교 의과대학 졸업');
INSERT INTO DOCTOR VALUES ('234234234', '현우', '이','정형외과', 'htehwg654_02', '월,화,수,목,금', '계명대학교 의과대학 졸업');
INSERT INTO DOCTOR VALUES ('333888866', '민호', '정','정형외과', 'htehwg654_02', '', '');
INSERT INTO DOCTOR VALUES ('345345345', '준혁', '손','마취통증의학과', 'htehwg654_03', '', '계명대학교 의과대학 졸업');
INSERT INTO DOCTOR VALUES ('888881111', '상철', '최','신경외과', 'htehwg654_04', '', '영남대학교 의과대학 졸업');
INSERT INTO DOCTOR VALUES ('777666111', '상욱', '김','신경외과', 'htehwg654_04', '월,화,수,목,금', '');
INSERT INTO DOCTOR VALUES ('456456456', '현정', '김','소아청소년과', 'gsae78_01', '월,화,수,목,금', '계명대학교 의과대학 졸업');
INSERT INTO DOCTOR VALUES ('567567567', '민성', '최','소아청소년과', 'gsae78_01', '월,화,수,목,금', '');
INSERT INTO DOCTOR VALUES ('678678678', '수현', '이','소아청소년과', 'gsae78_01', '월,수.금', '계명대학교 의과대학 졸업');
INSERT INTO DOCTOR VALUES ('789789789', '도현', '이','내과', 'jkruy654_01', '월,화,수,목,금', '서울대학교 의과대학 졸업');
INSERT INTO DOCTOR VALUES ('246810121', '태림', '이','내과', 'jkruy654_01', '월,화,수,목,금', '연세대학교 의과대학 졸업');
INSERT INTO DOCTOR VALUES ('123451234', '예진', '김','내과', 'jkruy654_01', '월,화,수,목,금', '연세대학교 의과대학 졸업');
INSERT INTO DOCTOR VALUES ('234562345', '동현', '박','정형외과', 'jkruy654_02', '월,수,금', '인제대학교 의과대학 졸업');
INSERT INTO DOCTOR VALUES ('345673456', '현중', '김','정형외과', 'jkruy654_02', '월,화,목', '부산대학교 의과대학 졸업');
INSERT INTO DOCTOR VALUES ('456784567', '보람', '김','신경외과', 'jkruy654_03', '월,수,금', '충남대학교 의과대학 졸업');
INSERT INTO DOCTOR VALUES ('567895678', '유민', '김','신경외과', 'jkruy654_03', '월,화,목', '영남대학교 의과대학 졸업');
INSERT INTO DOCTOR VALUES ('147147147', '은영', '박','마취통증의학과', 'jkruy654_04', '월,화,수,목,금', '경북대학교 의과대학 졸업');
INSERT INTO DOCTOR VALUES ('699988554', '혜민', '최','소아청소년과', 'jkruy654_05', '월,수,금', '성균관대학교 의과대학 졸업');
INSERT INTO DOCTOR VALUES ('111222255', '현수', '이','소아청소년과', 'jkruy654_05', '화,목,토', '성균관대학교 의과대학 졸업');
INSERT INTO DOCTOR VALUES ('258258258', '민서', '김','산부인과', 'turk848_01', '월,화,수,목,금', '경북대학교 의과대학 졸업');
INSERT INTO DOCTOR VALUES ('369369369', '승수', '박','산부인과', 'turk848_01', '월,화,수,목,금', '경북대학교 의과대학 졸업');
INSERT INTO DOCTOR VALUES ('741741741', '윤기', '최','산부인과', 'turk848_01', '월,화,수,목,금', '한양대학교 의과대학 졸업');
INSERT INTO DOCTOR VALUES ('852852852', '성민', '민','내과', 'turk848_02', '월,수,금', '대구가톨릭대학교 의과대학 졸업');
INSERT INTO DOCTOR VALUES ('963963963', '진희', '이','내과', 'turk848_02', '월,화,수,목', '경북대학교 의과대학 졸업');
INSERT INTO DOCTOR VALUES ('147258369', '정호', '전','소아청소년과', 'turk848_03', '월,화,수,목,금', '경북대학교 의과대학 졸업');
INSERT INTO DOCTOR VALUES ('258369147', '미경', '송','소아청소년과', 'turk848_03', '월,화,수,목,금', '중앙대학교 의과대학 졸업');
INSERT INTO DOCTOR VALUES ('369147258', '민지', '박','치과', 'ktude8465_01', '월,화,수,목,금', '경북대학교 치과대학 졸업');
INSERT INTO DOCTOR VALUES ('852741963', '현수', '최','치과', 'haaeh984_01', '월,화,수,목,금', '경북대학교 치과대학 졸업');

-- WARD
INSERT INTO WARD VALUES (TO_DATE('2022-10-14 17:49:53','yyyy-mm-dd hh24:mi:ss'), 140000, '2인실', 1, 'abcd1234');
INSERT INTO WARD VALUES (TO_DATE('2022-10-13 17:47:32','yyyy-mm-dd hh24:mi:ss'), 60000, '6인실', 2, 'abcd1234');
INSERT INTO WARD VALUES (TO_DATE('2022-10-15 12:45:32','yyyy-mm-dd hh24:mi:ss'), 90000, '4인실', 5, 'hos1016');
INSERT INTO WARD VALUES (TO_DATE('2022-10-17 07:17:04','yyyy-mm-dd hh24:mi:ss'), 65000, '6인실', 2, 'aefa4646');
INSERT INTO WARD VALUES (TO_DATE('2022-10-16 04:25:18','yyyy-mm-dd hh24:mi:ss'), 150000, '2인실', 1, 'gra468');
INSERT INTO WARD VALUES (TO_DATE('2022-10-18 11:27:38','yyyy-mm-dd hh24:mi:ss'), 130000, '2인실', 2, 'ragaar1463');
INSERT INTO WARD VALUES (TO_DATE('2022-10-14 21:46:04','yyyy-mm-dd hh24:mi:ss'), 0, '링거실', 1, 'ragaar1463');
INSERT INTO WARD VALUES (TO_DATE('2022-10-17 03:24:19','yyyy-mm-dd hh24:mi:ss'), 0, '링거실', 2, 'qwqw45641');
INSERT INTO WARD VALUES (TO_DATE('2022-10-18 08:02:36','yyyy-mm-dd hh24:mi:ss'), 0, '링거실', 4, 'fea54586');
INSERT INTO WARD VALUES (TO_DATE('2022-10-17 08:26:51','yyyy-mm-dd hh24:mi:ss'), 110000, '2인실', 3, 'cdh451');
INSERT INTO WARD VALUES (TO_DATE('2022-10-17 23:02:21','yyyy-mm-dd hh24:mi:ss'), 500000, '1인실', 1, 'cdh451');
INSERT INTO WARD VALUES (TO_DATE('2022-10-15 09:57:19','yyyy-mm-dd hh24:mi:ss'), 170000, '2인실', 4, 'gb6avf');
INSERT INTO WARD VALUES (TO_DATE('2022-10-17 21:14:27','yyyy-mm-dd hh24:mi:ss'), 50000, '6인실', 5, 'gb6avf');
INSERT INTO WARD VALUES (TO_DATE('2022-10-17 13:39:27','yyyy-mm-dd hh24:mi:ss'), 160000, '2인실', 2, 'fda4648');
INSERT INTO WARD VALUES (TO_DATE('2022-10-19 18:04:10','yyyy-mm-dd hh24:mi:ss'), 380000, '1인실', 1, 'fda4648');
INSERT INTO WARD VALUES (TO_DATE('2022-10-18 07:30:53','yyyy-mm-dd hh24:mi:ss'), 150000, '2인실', 4, 'gregef648');
INSERT INTO WARD VALUES (TO_DATE('2022-10-19 02:02:56','yyyy-mm-dd hh24:mi:ss'), 50000, '6인실', 0, 'htehwg654');
INSERT INTO WARD VALUES (TO_DATE('2022-10-15 18:57:49','yyyy-mm-dd hh24:mi:ss'), 160000, '2인실', 3, 'gsae78');
INSERT INTO WARD VALUES (TO_DATE('2022-10-19 09:59:24','yyyy-mm-dd hh24:mi:ss'), 110000, '4인실', 3, 'jkruy654');
INSERT INTO WARD VALUES (TO_DATE('2022-10-18 01:20:50','yyyy-mm-dd hh24:mi:ss'), 440000, '1인실', 1, 'jkruy654');
INSERT INTO WARD VALUES (TO_DATE('2022-10-19 19:18:24','yyyy-mm-dd hh24:mi:ss'), 170000, '2인실', 6, 'jkruy654');
INSERT INTO WARD VALUES (TO_DATE('2022-10-19 04:33:40','yyyy-mm-dd hh24:mi:ss'), 0, '링거실', 5, 'jkruy654');
INSERT INTO WARD VALUES (TO_DATE('2022-10-16 00:52:57','yyyy-mm-dd hh24:mi:ss'), 0, '링거실', 2, 'turk848');
INSERT INTO WARD VALUES (TO_DATE('2022-10-17 16:08:47','yyyy-mm-dd hh24:mi:ss'), 110000, '4인실', 1, 'turk848');
INSERT INTO WARD VALUES (TO_DATE('2022-10-20 14:52:23','yyyy-mm-dd hh24:mi:ss'), 470000, '1인실', 0, 'agwe9564');
INSERT INTO WARD VALUES (TO_DATE('2022-10-14 20:36:23','yyyy-mm-dd hh24:mi:ss'), 130000, '2인실', 1, 'bggds64');
INSERT INTO WARD VALUES (TO_DATE('2022-10-17 10:58:59','yyyy-mm-dd hh24:mi:ss'), 60000, '6인실', 5, 'adfef7545');
INSERT INTO WARD VALUES (TO_DATE('2022-10-15 18:47:45','yyyy-mm-dd hh24:mi:ss'), 0, '링거실', 4, 'fea54586');
INSERT INTO WARD VALUES (TO_DATE('2022-10-18 00:12:40','yyyy-mm-dd hh24:mi:ss'), 55000, '6인실', 2, 'ktude8465');
INSERT INTO WARD VALUES (TO_DATE('2022-10-18 05:51:34','yyyy-mm-dd hh24:mi:ss'), 150000, '2인실', 1, 'haaeh984');

-- WAITING_LIST
INSERT INTO WAITING_LIST VALUES (TO_DATE('2022-10-14 16:31:52','yyyy-mm-dd hh24:mi:ss'), 10, '진료중', '123456789');
INSERT INTO WAITING_LIST VALUES (TO_DATE('2022-10-19 16:10:28','yyyy-mm-dd hh24:mi:ss'), 0, '휴일', '987654321');
INSERT INTO WAITING_LIST VALUES (TO_DATE('2022-10-20 16:14:16','yyyy-mm-dd hh24:mi:ss'), 3, '진료중', '135798642');
INSERT INTO WAITING_LIST VALUES (TO_DATE('2022-10-20 16:35:12','yyyy-mm-dd hh24:mi:ss'), 5, '진료중', '111111111');
INSERT INTO WAITING_LIST VALUES (TO_DATE('2022-10-20 17:54:58','yyyy-mm-dd hh24:mi:ss'), 4, '진료중', '55558888');
INSERT INTO WAITING_LIST VALUES (TO_DATE('2022-10-20 17:59:00','yyyy-mm-dd hh24:mi:ss'), 9, '진료중', '222222222');
INSERT INTO WAITING_LIST VALUES (TO_DATE('2022-10-20 17:39:30','yyyy-mm-dd hh24:mi:ss'), 12, '진료중', '333333333');
INSERT INTO WAITING_LIST VALUES (TO_DATE('2022-10-20 16:21:10','yyyy-mm-dd hh24:mi:ss'), 22, '진료중', '444444444');
INSERT INTO WAITING_LIST VALUES (TO_DATE('2022-10-20 16:20:24','yyyy-mm-dd hh24:mi:ss'), 7, '진료중', '555555555');
INSERT INTO WAITING_LIST VALUES (TO_DATE('2022-10-19 17:07:58','yyyy-mm-dd hh24:mi:ss'), 0, '휴일', '666666666');
INSERT INTO WAITING_LIST VALUES (TO_DATE('2022-10-19 17:49:13','yyyy-mm-dd hh24:mi:ss'), 0, '휴일', '777777777');
INSERT INTO WAITING_LIST VALUES (TO_DATE('2022-10-19 16:14:13','yyyy-mm-dd hh24:mi:ss'), 0, '휴일', '888888888');
INSERT INTO WAITING_LIST VALUES (TO_DATE('2022-10-20 17:18:50','yyyy-mm-dd hh24:mi:ss'), 3, '진료중', '999999999');
INSERT INTO WAITING_LIST VALUES (TO_DATE('2022-10-20 17:28:39','yyyy-mm-dd hh24:mi:ss'), 5, '진료중', '101010101');
INSERT INTO WAITING_LIST VALUES (TO_DATE('2022-10-20 16:04:08','yyyy-mm-dd hh24:mi:ss'), 5, '진료중', '212121212');
INSERT INTO WAITING_LIST VALUES (TO_DATE('2022-10-20 17:52:08','yyyy-mm-dd hh24:mi:ss'), 6, '부재중', '323232323');
INSERT INTO WAITING_LIST VALUES (TO_DATE('2022-10-20 17:52:00','yyyy-mm-dd hh24:mi:ss'), 7, '부재중', '434343434');
INSERT INTO WAITING_LIST VALUES (TO_DATE('2022-10-20 17:21:59','yyyy-mm-dd hh24:mi:ss'), 1, '진료중', '545454545');
INSERT INTO WAITING_LIST VALUES (TO_DATE('2022-10-20 17:18:23','yyyy-mm-dd hh24:mi:ss'), 2, '진료중', '656565656');
INSERT INTO WAITING_LIST VALUES (TO_DATE('2022-10-20 17:46:57','yyyy-mm-dd hh24:mi:ss'), 3, '진료중', '656565655');
INSERT INTO WAITING_LIST VALUES (TO_DATE('2022-10-19 17:59:42','yyyy-mm-dd hh24:mi:ss'), 0, '휴일', '998877665');
INSERT INTO WAITING_LIST VALUES (TO_DATE('2022-10-20 16:44:27','yyyy-mm-dd hh24:mi:ss'), 12, '진료중', '887766554');
INSERT INTO WAITING_LIST VALUES (TO_DATE('2022-10-20 16:09:52','yyyy-mm-dd hh24:mi:ss'), 13, '진료중', '776655443');
INSERT INTO WAITING_LIST VALUES (TO_DATE('2022-10-19 16:46:54','yyyy-mm-dd hh24:mi:ss'), 0, '휴일', '665544112');
INSERT INTO WAITING_LIST VALUES (TO_DATE('2022-10-19 17:05:11','yyyy-mm-dd hh24:mi:ss'), 0, '휴일', '767676767');
INSERT INTO WAITING_LIST VALUES (TO_DATE('2022-10-20 16:21:23','yyyy-mm-dd hh24:mi:ss'), 0, '진료중', '777766444');
INSERT INTO WAITING_LIST VALUES (TO_DATE('2022-10-20 17:28:54','yyyy-mm-dd hh24:mi:ss'), 2, '진료중', '878787878');
INSERT INTO WAITING_LIST VALUES (TO_DATE('2022-10-20 17:10:33','yyyy-mm-dd hh24:mi:ss'), 25, '진료중', '010101010');
INSERT INTO WAITING_LIST VALUES (TO_DATE('2022-10-19 16:10:05','yyyy-mm-dd hh24:mi:ss'), 0, '휴일', '121212121');
INSERT INTO WAITING_LIST VALUES (TO_DATE('2022-10-19 17:54:10','yyyy-mm-dd hh24:mi:ss'), 0, '출장', '989898989');
INSERT INTO WAITING_LIST VALUES (TO_DATE('2022-10-20 17:41:20','yyyy-mm-dd hh24:mi:ss'), 11, '진료중', '232323232');
INSERT INTO WAITING_LIST VALUES (TO_DATE('2022-10-20 17:58:23','yyyy-mm-dd hh24:mi:ss'), 21, '진료중', '343434343');
INSERT INTO WAITING_LIST VALUES (TO_DATE('2022-10-19 16:41:58','yyyy-mm-dd hh24:mi:ss'), 0, '휴일', '454545454');
INSERT INTO WAITING_LIST VALUES (TO_DATE('2022-10-19 17:16:11','yyyy-mm-dd hh24:mi:ss'), 0, '휴일', '565656565');
INSERT INTO WAITING_LIST VALUES (TO_DATE('2022-10-20 17:51:45','yyyy-mm-dd hh24:mi:ss'), 5, '진료중', '676767676');
INSERT INTO WAITING_LIST VALUES (TO_DATE('2022-10-20 17:35:58','yyyy-mm-dd hh24:mi:ss'), 19, '진료중', '787878787');
INSERT INTO WAITING_LIST VALUES (TO_DATE('2022-10-20 17:57:07','yyyy-mm-dd hh24:mi:ss'), 10, '진료중', '898989898');
INSERT INTO WAITING_LIST VALUES (TO_DATE('2022-10-20 17:39:23','yyyy-mm-dd hh24:mi:ss'), 8, '진료중', '123123123');
INSERT INTO WAITING_LIST VALUES (TO_DATE('2022-10-20 17:26:20','yyyy-mm-dd hh24:mi:ss'), 24, '진료중', '234234234');
INSERT INTO WAITING_LIST VALUES (TO_DATE('2022-10-20 17:47:46','yyyy-mm-dd hh24:mi:ss'), 31, '진료중', '333888866');
INSERT INTO WAITING_LIST VALUES (TO_DATE('2022-10-19 16:50:24','yyyy-mm-dd hh24:mi:ss'), 0, '휴일', '345345345');
INSERT INTO WAITING_LIST VALUES (TO_DATE('2022-10-19 16:43:57','yyyy-mm-dd hh24:mi:ss'), 0, '휴일', '888881111');
INSERT INTO WAITING_LIST VALUES (TO_DATE('2022-10-20 17:28:34','yyyy-mm-dd hh24:mi:ss'), 4, '진료중', '777666111');
INSERT INTO WAITING_LIST VALUES (TO_DATE('2022-10-20 16:14:01','yyyy-mm-dd hh24:mi:ss'), 25, '진료중', '456456456');
INSERT INTO WAITING_LIST VALUES (TO_DATE('2022-10-20 16:59:37','yyyy-mm-dd hh24:mi:ss'), 4, '진료중', '567567567');
INSERT INTO WAITING_LIST VALUES (TO_DATE('2022-10-19 16:28:00','yyyy-mm-dd hh24:mi:ss'), 0, '휴일', '678678678');
INSERT INTO WAITING_LIST VALUES (TO_DATE('2022-10-20 17:22:45','yyyy-mm-dd hh24:mi:ss'), 0, '진료중', '789789789');
INSERT INTO WAITING_LIST VALUES (TO_DATE('2022-10-20 17:27:26','yyyy-mm-dd hh24:mi:ss'), 1, '진료중', '246810121');
INSERT INTO WAITING_LIST VALUES (TO_DATE('2022-10-20 17:16:46','yyyy-mm-dd hh24:mi:ss'), 1, '진료중', '123451234');
INSERT INTO WAITING_LIST VALUES (TO_DATE('2022-10-19 17:26:32','yyyy-mm-dd hh24:mi:ss'), 0, '부재중', '234562345');
INSERT INTO WAITING_LIST VALUES (TO_DATE('2022-10-19 16:31:34','yyyy-mm-dd hh24:mi:ss'), 0, '휴일', '345673456');
INSERT INTO WAITING_LIST VALUES (TO_DATE('2022-10-20 17:17:40','yyyy-mm-dd hh24:mi:ss'), 11, '진료중', '456784567');
INSERT INTO WAITING_LIST VALUES (TO_DATE('2022-10-20 16:56:12','yyyy-mm-dd hh24:mi:ss'), 0, '진료중', '567895678');
INSERT INTO WAITING_LIST VALUES (TO_DATE('2022-10-20 16:56:32','yyyy-mm-dd hh24:mi:ss'), 2, '진료중', '147147147');
INSERT INTO WAITING_LIST VALUES (TO_DATE('2022-10-20 17:02:47','yyyy-mm-dd hh24:mi:ss'), 0, '부재중', '699988554');
INSERT INTO WAITING_LIST VALUES (TO_DATE('2022-10-19 17:54:54','yyyy-mm-dd hh24:mi:ss'), 0, '휴일', '111222255');
INSERT INTO WAITING_LIST VALUES (TO_DATE('2022-10-20 16:41:08','yyyy-mm-dd hh24:mi:ss'), 5, '진료중', '258258258');
INSERT INTO WAITING_LIST VALUES (TO_DATE('2022-10-20 16:35:21','yyyy-mm-dd hh24:mi:ss'), 3, '진료중', '369369369');
INSERT INTO WAITING_LIST VALUES (TO_DATE('2022-10-20 17:51:40','yyyy-mm-dd hh24:mi:ss'), 3, '진료중', '741741741');
INSERT INTO WAITING_LIST VALUES (TO_DATE('2022-10-20 16:49:11','yyyy-mm-dd hh24:mi:ss'), 2, '부재중', '852852852');
INSERT INTO WAITING_LIST VALUES (TO_DATE('2022-10-19 17:25:54','yyyy-mm-dd hh24:mi:ss'), 0, '휴일', '963963963');
INSERT INTO WAITING_LIST VALUES (TO_DATE('2022-10-20 17:31:48','yyyy-mm-dd hh24:mi:ss'), 4, '진료중', '147258369');
INSERT INTO WAITING_LIST VALUES (TO_DATE('2022-10-20 16:06:10','yyyy-mm-dd hh24:mi:ss'), 8, '진료중', '258369147');
INSERT INTO WAITING_LIST VALUES (TO_DATE('2022-10-20 16:36:09','yyyy-mm-dd hh24:mi:ss'), 14, '진료중', '369147258');
INSERT INTO WAITING_LIST VALUES (TO_DATE('2022-10-20 16:30:43','yyyy-mm-dd hh24:mi:ss'), 5, '부재중', '852741963');





-- CONTROLS
INSERT INTO CONTROLS VALUES ('abcd1234', '951212-1234567');
INSERT INTO CONTROLS VALUES ('abcd1234', '990303-2345678');
INSERT INTO CONTROLS VALUES ('abcd1234', '850116-2123456');
INSERT INTO CONTROLS VALUES ('abcd1234', '010622-4567890');
INSERT INTO CONTROLS VALUES ('abcd1234', '110630-4987654');
INSERT INTO CONTROLS VALUES ('hos1016', '980416-1245789');
INSERT INTO CONTROLS VALUES ('gra468', '871123-2587410');
INSERT INTO CONTROLS VALUES ('gra468', '770917-2587411');
INSERT INTO CONTROLS VALUES ('hos1016', '660325-1587412');
INSERT INTO CONTROLS VALUES ('gra468', '990122-2587413');
INSERT INTO CONTROLS VALUES ('aefa4646', '790504-1234567');
INSERT INTO CONTROLS VALUES ('aefa4646', '841130-2343678');
INSERT INTO CONTROLS VALUES ('aefa4646', '990309-1923456');
INSERT INTO CONTROLS VALUES ('aefa4646', '690711-1367890');
INSERT INTO CONTROLS VALUES ('aefa4646', '120314-3387654');
INSERT INTO CONTROLS VALUES ('aefa4646', '730904-1902367');
INSERT INTO CONTROLS VALUES ('aefa4646', '140930-3329178');
INSERT INTO CONTROLS VALUES ('aefa4646', '810528-1722096');
INSERT INTO CONTROLS VALUES ('ragaar1463', '550721-1267320');
INSERT INTO CONTROLS VALUES ('ragaar1463', '021214-3343454');
INSERT INTO CONTROLS VALUES ('ragaar1463', '951212-1232567');
INSERT INTO CONTROLS VALUES ('gra468', '990303-2305478');
INSERT INTO CONTROLS VALUES ('ragaar1463', '850116-4901926');
INSERT INTO CONTROLS VALUES ('ragaar1463', '010622-4029230');
INSERT INTO CONTROLS VALUES ('ragaar1463', '110630-4111654');
INSERT INTO CONTROLS VALUES ('agwe9564', '980416-4242329');
INSERT INTO CONTROLS VALUES ('agwe9564', '871123-2587210');
INSERT INTO CONTROLS VALUES ('agwe9564', '770917-2587221');
INSERT INTO CONTROLS VALUES ('agwe9564', '660325-1587232');
INSERT INTO CONTROLS VALUES ('agwe9564', '990122-2999413');
INSERT INTO CONTROLS VALUES ('bggds64', '751212-1232567');
INSERT INTO CONTROLS VALUES ('bggds64', '840312-1305478');
INSERT INTO CONTROLS VALUES ('bggds64', '880316-1901926');
INSERT INTO CONTROLS VALUES ('bggds64', '040622-4029230');
INSERT INTO CONTROLS VALUES ('bggds64', '970620-1111654');
INSERT INTO CONTROLS VALUES ('adfef7545', '080912-4242329');
INSERT INTO CONTROLS VALUES ('adfef7545', '961123-2582310');
INSERT INTO CONTROLS VALUES ('adfef7545', '870923-2387221');
INSERT INTO CONTROLS VALUES ('adfef7545', '100325-3587232');
INSERT INTO CONTROLS VALUES ('adfef7545', '890122-2379413');
INSERT INTO CONTROLS VALUES ('fea54586', '751212-1232567');
INSERT INTO CONTROLS VALUES ('fea54586', '840312-1305478');
INSERT INTO CONTROLS VALUES ('fea54586', '880316-1901926');
INSERT INTO CONTROLS VALUES ('fea54586', '040622-4029230');
INSERT INTO CONTROLS VALUES ('fea54586', '970620-1111654');
INSERT INTO CONTROLS VALUES ('cdh451', '080912-4242329');
INSERT INTO CONTROLS VALUES ('cdh451', '961123-2582310');
INSERT INTO CONTROLS VALUES ('cdh451', '870923-2387221');
INSERT INTO CONTROLS VALUES ('cdh451', '100325-3587232');
INSERT INTO CONTROLS VALUES ('cdh451', '890122-2379413');
INSERT INTO CONTROLS VALUES ('gb6avf', '880209-1232367');
INSERT INTO CONTROLS VALUES ('gb6avf', '940612-1325478');
INSERT INTO CONTROLS VALUES ('gb6avf', '920416-19451926');
INSERT INTO CONTROLS VALUES ('gb6avf', '110622-4039230');
INSERT INTO CONTROLS VALUES ('gb6avf', '970820-1131254');
INSERT INTO CONTROLS VALUES ('qwqw45641', '000912-4242222');
INSERT INTO CONTROLS VALUES ('qwqw45641', '991027-2212710');
INSERT INTO CONTROLS VALUES ('qwqw45641', '870917-2237021');
INSERT INTO CONTROLS VALUES ('qwqw45641', '000315-3999232');
INSERT INTO CONTROLS VALUES ('qwqw45641', '490112-2873413');
INSERT INTO CONTROLS VALUES ('fda4648', '880209-1232367');
INSERT INTO CONTROLS VALUES ('fda4648', '940612-1325478');
INSERT INTO CONTROLS VALUES ('fda4648', '920416-19451926');
INSERT INTO CONTROLS VALUES ('fda4648', '110622-4039230');
INSERT INTO CONTROLS VALUES ('fda4648', '970820-1131254');
INSERT INTO CONTROLS VALUES ('fda4648', '000912-4242222');
INSERT INTO CONTROLS VALUES ('fda4648', '991027-2212710');
INSERT INTO CONTROLS VALUES ('fda4648', '870917-2237021');
INSERT INTO CONTROLS VALUES ('gregef648', '000315-3999232');
INSERT INTO CONTROLS VALUES ('gregef648', '490112-2873413');
INSERT INTO CONTROLS VALUES ('htehwg654', '880209-1232367');
INSERT INTO CONTROLS VALUES ('htehwg654', '940612-1325478');
INSERT INTO CONTROLS VALUES ('htehwg654', '920416-19451926');
INSERT INTO CONTROLS VALUES ('gsae78', '110622-4039230');
INSERT INTO CONTROLS VALUES ('htehwg654', '970820-1131254');
INSERT INTO CONTROLS VALUES ('htehwg654', '000912-4242222');
INSERT INTO CONTROLS VALUES ('htehwg654', '991027-2212710');
INSERT INTO CONTROLS VALUES ('htehwg654', '870917-2237021');
INSERT INTO CONTROLS VALUES ('gsae78', '000315-3999232');
INSERT INTO CONTROLS VALUES ('htehwg654', '490112-2873413');
INSERT INTO CONTROLS VALUES ('jkruy654', '920122-2687413');
INSERT INTO CONTROLS VALUES ('jkruy654', '390504-1222567');
INSERT INTO CONTROLS VALUES ('turk848', '241130-2343678');
INSERT INTO CONTROLS VALUES ('jkruy654', '490309-1323456');
INSERT INTO CONTROLS VALUES ('jkruy654', '790211-1367890');
INSERT INTO CONTROLS VALUES ('turk848', '920122-2687413');
INSERT INTO CONTROLS VALUES ('ktude8465', '390504-1222567');
INSERT INTO CONTROLS VALUES ('ktude8465', '490309-1323456');
INSERT INTO CONTROLS VALUES ('ktude8465', '790211-1367890');
INSERT INTO CONTROLS VALUES ('haaeh984', '390504-1222567');
INSERT INTO CONTROLS VALUES ('haaeh984', '241130-2343678');
INSERT INTO CONTROLS VALUES ('turk848', '490309-1323456');
INSERT INTO CONTROLS VALUES ('haaeh984', '790211-1367890');
INSERT INTO CONTROLS VALUES ('hos1016', '850116-2123456');
INSERT INTO CONTROLS VALUES ('hos1016', '880209-1232367');
INSERT INTO CONTROLS VALUES ('gregef648', '040930-3329178');
INSERT INTO CONTROLS VALUES ('gregef648', '890122-2823413');
INSERT INTO CONTROLS VALUES ('gsae78', '951212-1232567');
INSERT INTO CONTROLS VALUES ('gsae78', '990309-1923456');
INSERT INTO CONTROLS VALUES ('turk848', '730904-1902367');
INSERT INTO CONTROLS VALUES ('ktude8465', '770917-2587411');
INSERT INTO CONTROLS VALUES ('ktude8465', '841130-2343678');
INSERT INTO CONTROLS VALUES ('jkruy654', '990303-2305478');
INSERT INTO CONTROLS VALUES ('hos1016', '120314-3387654');
INSERT INTO CONTROLS VALUES ('haaeh984', '550721-1267320');
INSERT INTO CONTROLS VALUES ('haaeh984', '880316-1901926');
INSERT INTO CONTROLS VALUES ('gsae78', '241130-2343678');
INSERT INTO CONTROLS VALUES ('gregef648', '880528-1721296');
INSERT INTO CONTROLS VALUES ('gra468', '040622-4029230');
INSERT INTO CONTROLS VALUES ('abcd1234', '790211-1367890');
INSERT INTO CONTROLS VALUES ('agwe9564', '490112-2873413');
INSERT INTO CONTROLS VALUES ('agwe9564', '970820-1131254');
INSERT INTO CONTROLS VALUES ('fea54586', '000315-3999232');
INSERT INTO CONTROLS VALUES ('fea54586', '740312-1333478');
INSERT INTO CONTROLS VALUES ('jkruy654', '951212-1234567');
INSERT INTO CONTROLS VALUES ('jkruy654', '010622-4567890');
INSERT INTO CONTROLS VALUES ('ktude8465', '690711-1367890');
INSERT INTO CONTROLS VALUES ('ktude8465', '550721-1267320');
INSERT INTO CONTROLS VALUES ('hos1016', '871123-2587210');
INSERT INTO CONTROLS VALUES ('hos1016', '110622-4039230');
