alter session set nls_date_format='yyyy-MM-dd hh24:mi:ss';

-- HOSPITAL
INSERT INTO HOSPITAL VALUES ('abcd1234', '튼튼속내과의원', '대구 동구 신암로 80', '0531234567', '내과', '9:00-18:00', '내시경', 'Y');
INSERT INTO HOSPITAL VALUES ('hos1016', '화원정형외과의원', '대구광역시 달성군 화원읍 비슬로 2610', '053-631-7875', '정형외과', '9:00-17:30', NULL, 'Y');
INSERT INTO HOSPITAL VALUES ('aefa4646', '현풍제일연합의원', '대구광역시 달성군 현풍읍 비슬로130길 97', '053-617-7755', '내과, 소아청소년과', '8:30-9:00', '내시경', 'N');
INSERT INTO HOSPITAL VALUES ('gra468', '이미정산부인과사랑의원', '대구광역시 달서구 월배로 170, 2층 (상인동)', '053-636-8275', '산부인과', '8:40-17:30', '유방촬영장치', NULL);
INSERT INTO HOSPITAL VALUES ('ragaar1463', '부강외과의원', '대구광역시 달서구 월배로 138, 6층 (진천동)', '053-638-7575', '외과', '9:00-18:30', NULL, 'Y');
INSERT INTO HOSPITAL VALUES ('agwe9564', '준이비인후과의원', '대구광역시 달서구 조암남로 42, 트럼프스타 202,204호 (월성동)', '053-643-1119', '이비인후과', '9:00-18:30', NULL, 'Y');
INSERT INTO HOSPITAL VALUES ('bggds64', '경대연합안과의원', '대구광역시 달서구 월배로 233, 6층 (상인동)', '053-636-8875', '안과', '9:00-18:00', NULL, 'Y');
INSERT INTO HOSPITAL VALUES ('adfef7545', '채흉부외과의원', '대구광역시 서구 팔달로 158 (비산동)', '053-357-8880', '외과', '9:00-18:00', NULL, 'Y');
INSERT INTO HOSPITAL VALUES ('fea54586', '경대본정형외과의원', '대구광역시 서구 국채보상로 262, 1,6,7,8층 (평리동)', '053-553-8200', '정형외과', '9:00-18:00', NULL, 'N');
INSERT INTO HOSPITAL VALUES ('cdh451', '평화신경외과의원', '대구광역시 서구 팔달로 176, 2~5층 (원대동3가)', '053-256-0075', '신경외과', '9:00-18:00', NULL, NULL);
INSERT INTO HOSPITAL VALUES ('gb6avf', '아세아연합의원', '대구광역시 서구 서대구로 49, 지하1층,2층~3층 (내당동)', '053-562-0100', '산부인과, 내과, 소아청소년과', '9:00-17:00', '유방촬영장치', 'Y');
INSERT INTO HOSPITAL VALUES ('qwqw45641', '곽앤신연합이비인후과의원', '대구광역시 남구 월배로 474, 4층 (대명동)', '053-638-7582', '이비인후과', '9:00-18:00', NULL, 'Y');
INSERT INTO HOSPITAL VALUES ('fda4648', '보광병원', '대구광역시 달서구 구마로 128, 보광병원 (본동)', '053-651-3232', '내과, 정형외과, 신경외과, 영상의학과', '9:00-18:00', 'CT, MRI', 'Y');
INSERT INTO HOSPITAL VALUES ('gregef648', '리더스재활의학병원', '대구광역시 남구 성당로 268 (대명동)', '053-628-1000', '재활의학과', '9:00-18:00', NULL, 'N');
INSERT INTO HOSPITAL VALUES ('htehwg654', '열린큰병원', '대구광역시 서구 내당동 242번지 1호', '053-565-9200', '내과, 정형외과, 마취통증의학과, 신경외과', '8:30-17:30', 'MRI', 'Y');
INSERT INTO HOSPITAL VALUES ('gsae78', '지혜로운아동병원', '대구광역시 달성군 현풍읍 테크노상업로 46, 테크노메디칼센터 3~4층', '053-716-1119', '소아청소년과', '9:00-18:00', NULL, 'Y');
INSERT INTO HOSPITAL VALUES ('jkruy654', '참조은병원', '대구광역시 달서구 월배로 404 (송현동)', '053-630-8000', '내과,정형외과,신경외과,마취통증의학과,소아청소년과', '9:00-18:00', 'MRI, CT', 'Y');
INSERT INTO HOSPITAL VALUES ('turk848', '여성아이병원', '대구광역시 달서구 월배로 141 (진천동)', '1877-6622', '산부인과, 내과, 소아청소년과', '9:00-20:00', '유방촬영장치', NULL);
INSERT INTO HOSPITAL VALUES ('ktude8465', '곽치과병원', '대구광역시 달서구 구마로 265, 5층 (성당동, 미래빌딩)', '053-654-3447', '치과', '10:00-19:00', NULL, NULL);
INSERT INTO HOSPITAL VALUES ('haaeh984', '토마스치과의원', '대구광역시 남구 대명로 296, 2층 (대명동)', '053-626-5656', '치과', '9:00-19:00', NULL, 'Y');

-- DEPARTMENT
INSERT INTO DEPARTMENT VALUES ('내과', '01', 'abcd1234');
INSERT INTO DEPARTMENT VALUES ('정형외과', '03', 'hos1016');
INSERT INTO DEPARTMENT VALUES ('내과', '01', 'aefa4646');
INSERT INTO DEPARTMENT VALUES ('소아청소년과', '04', 'aefa4646');
INSERT INTO DEPARTMENT VALUES ('산부인과', '05', 'gra468');
INSERT INTO DEPARTMENT VALUES ('외과', '02', 'ragaar1463');
INSERT INTO DEPARTMENT VALUES ('이비인후과', '06', 'agwe9564');
INSERT INTO DEPARTMENT VALUES ('안과', '07', 'bggds64');
INSERT INTO DEPARTMENT VALUES ('외과', '02', 'adfef7545');
INSERT INTO DEPARTMENT VALUES ('정형외과', '03', 'fea54586');
INSERT INTO DEPARTMENT VALUES ('신경외과', '08', 'cdh451');
INSERT INTO DEPARTMENT VALUES ('산부인과', '05', 'gb6avf');
INSERT INTO DEPARTMENT VALUES ('내과', '01', 'gb6avf');
INSERT INTO DEPARTMENT VALUES ('소아청소년과', '04', 'gb6avf');
INSERT INTO DEPARTMENT VALUES ('이비인후과', '06', 'qwqw45641');
INSERT INTO DEPARTMENT VALUES ('내과', '01', 'fda4648');
INSERT INTO DEPARTMENT VALUES ('정형외과', '03', 'fda4648');
INSERT INTO DEPARTMENT VALUES ('신경외과', '08', 'fda4648');
INSERT INTO DEPARTMENT VALUES ('영상의학과', '09', 'fda4648');
INSERT INTO DEPARTMENT VALUES ('재활의학과', '10', 'gregef648');
INSERT INTO DEPARTMENT VALUES ('내과', '01', 'htehwg654');
INSERT INTO DEPARTMENT VALUES ('정형외과', '03', 'htehwg654');
INSERT INTO DEPARTMENT VALUES ('마취통증의학과', '11', 'htehwg654');
INSERT INTO DEPARTMENT VALUES ('신경외과', '08', 'htehwg654');
INSERT INTO DEPARTMENT VALUES ('소아청소년과', '04', 'gsae78');
INSERT INTO DEPARTMENT VALUES ('내과', '01', 'jkruy654');
INSERT INTO DEPARTMENT VALUES ('정형외과', '03', 'jkruy654');
INSERT INTO DEPARTMENT VALUES ('신경외과', '08', 'jkruy654');
INSERT INTO DEPARTMENT VALUES ('마취통증의학과', '11', 'jkruy654');
INSERT INTO DEPARTMENT VALUES ('소아청소년과', '04', 'jkruy654');
INSERT INTO DEPARTMENT VALUES ('산부인과', '05', 'turk848');
INSERT INTO DEPARTMENT VALUES ('내과', '01', 'turk848');
INSERT INTO DEPARTMENT VALUES ('소아청소년과', '04', 'turk848');
INSERT INTO DEPARTMENT VALUES ('치과', '12', 'ktude8465');
INSERT INTO DEPARTMENT VALUES ('치과', '12', 'haaeh984');

-- DOCTOR
INSERT INTO DOCTOR VALUES ('123456789', '철수','이', '내과', '01', 'abcd1234', '월,화,수,목,금', '경북대학교 의과대학 졸업');
INSERT INTO DOCTOR VALUES ('987654321', '성호','김', '정형외과', '03', 'hos1016', '월,화,수,목,금,토', '영남대학교 의과대학 졸업');
INSERT INTO DOCTOR VALUES ('135798642', '정훈','박', '내과', '01', 'aefa4646', '', '서울대학교 의과대학 졸업');
INSERT INTO DOCTOR VALUES ('111111111', '지영','이', '내과', '01', 'aefa4646', '월,화,수,목', '계명대학교 의과대학 졸업');
INSERT INTO DOCTOR VALUES ('55558888', '현정','박', '소아청소년과', '04', 'aefa4646', '월,화,목,금', '');
INSERT INTO DOCTOR VALUES ('222222222', '지훈','최', '산부인과', '05', 'gra468', '월,화,수,목,금', '경북대학교 의과대학 졸업');
INSERT INTO DOCTOR VALUES ('333333333', '성민','이', '외과', '02', 'ragaar1463', '월,화,수,목,금', '연세대학교 의과대학 졸업');
INSERT INTO DOCTOR VALUES ('444444444', '현우','조', '이비인후과', '06', 'agwe9564', '월,화,수,목,금', '성균관대학교 의과대학 졸업');
INSERT INTO DOCTOR VALUES ('555555555', '상훈','박', '안과', '07', 'bggds64', '월,수,금', '성균관대학교 의과대학 졸업');
INSERT INTO DOCTOR VALUES ('666666666', '나진','현', '안과', '07', 'bggds64', '월,화,목', '연세대학교 의과대학 졸업');
INSERT INTO DOCTOR VALUES ('777777777', '수진', '한','외과', '02', 'adfef7545', '월,화,수,목,금', '계명대학교 의과대학 졸업');
INSERT INTO DOCTOR VALUES ('888888888', '민지','최', '정형외과', '03', 'fea54586', '월,화,수,목,금', '인제대학교 의과대학 졸업');
INSERT INTO DOCTOR VALUES ('999999999', '수혁', '박','정형외과', '03', 'fea54586', '월, 수, 금', '인하대학교 의과대학 졸업');
INSERT INTO DOCTOR VALUES ('101010101', '아름','진', '정형외과', '03', 'fea54586', '화, 목', '부산대학교 의과대학 졸업');
INSERT INTO DOCTOR VALUES ('212121212', '은영','김', '신경외과', '08', 'cdh451', '월,화,수,목,금', '부경대학교 의과대학 졸업');
INSERT INTO DOCTOR VALUES ('323232323', '효정','최', '신경외과', '08', 'cdh451', '월,화,수', '인하대학교 의과대학 졸업');
INSERT INTO DOCTOR VALUES ('434343434', '효진','김', '신경외과', '08', 'cdh451', '수,목,금', '부산대학교 의과대학 졸업');
INSERT INTO DOCTOR VALUES ('545454545', '종엽', '현','신경외과', '08', 'cdh451', '화, 목', '부산대학교 의과대학 졸업');
INSERT INTO DOCTOR VALUES ('656565656', '지현', '송','산부인과', '05', 'gb6avf', '월,목', '부산대학교 의과대학 졸업');
INSERT INTO DOCTOR VALUES ('656565655', '정수', '박', '산부인과', '05', 'gb6avf', '화,수,금', '경북대학교 의과대학 졸업');
INSERT INTO DOCTOR VALUES ('998877665', '영희', '최','내과', '01', 'gb6avf', '월,화,수,목,금', '건국대학교 의과대학 졸업');
INSERT INTO DOCTOR VALUES ('887766554', '영숙','김', '내과', '01', 'gb6avf', '월,화,토', '동국대학교 의과대학 졸업');
INSERT INTO DOCTOR VALUES ('776655443', '하민', '최','소아청소년과', '04', 'gb6avf', '화,목,금', '홍익대학교 의과대학 졸업');
INSERT INTO DOCTOR VALUES ('665544112', '승민', '김', '소아청소년과', '04', 'gb6avf', '월,화,수,목,금', '계명대학교 의과대학 졸업');
INSERT INTO DOCTOR VALUES ('767676767', '준영', '이','이비인후과', '06', 'qwqw45641', '월,화,수,목,금', '경북대학교 의과대학 졸업');
INSERT INTO DOCTOR VALUES ('777766444', '한수', '박','이비인후과', '06', 'qwqw45641', '', '경북대학교 의과대학 졸업');
INSERT INTO DOCTOR VALUES ('878787878', '민수', '최','내과', '01', 'fda4648', '월,화,수', '경북대학교 의과대학 졸업');
INSERT INTO DOCTOR VALUES ('010101010', '승지', '강','내과', '01', 'fda4648', '화,수,금', '경북대학교 의과대학 졸업');
INSERT INTO DOCTOR VALUES ('121212121', '지우', '박','내과', '01', 'fda4648', '수,목,금', '');
INSERT INTO DOCTOR VALUES ('989898989', '현우', '조','정형외과', '03', 'fda4648', '', '연세대학교 의과대학 졸업');
INSERT INTO DOCTOR VALUES ('232323232', '원영', '정','정형외과', '03', 'fda4648', '월,화,수,목,금', '중앙대학교 의과대학 졸업');
INSERT INTO DOCTOR VALUES ('343434343', '은지', '상','신경외과', '08', 'fda4648', '월,화,수,목,금', '서울대학교 의과대학 졸업');
INSERT INTO DOCTOR VALUES ('454545454', '현수', '최','신경외과', '08', 'fda4648', '', '계명대학교 의과대학 졸업');
INSERT INTO DOCTOR VALUES ('565656565', '현주', '송','영상의학과', '09', 'fda4648', '월,화,수,목,금', '계명대학교 의과대학 졸업');
INSERT INTO DOCTOR VALUES ('676767676', '혜진', '고','재활의학과', '10', 'gregef648', '월,화,수,목,금', '서울대학교 의과대학 졸업');
INSERT INTO DOCTOR VALUES ('787878787', '재은', '진','재활의학과', '10', 'gregef648', '', '경희대학교 의과대학 졸업');
INSERT INTO DOCTOR VALUES ('898989898', '성진', '박','내과', '01', 'htehwg654', '월,수,금', '서강대학교 의과대학 졸업');
INSERT INTO DOCTOR VALUES ('123123123', '영민', '이','내과', '01', 'htehwg654', '월,화,목', '중앙대학교 의과대학 졸업');
INSERT INTO DOCTOR VALUES ('234234234', '현우', '이','정형외과', '03', 'htehwg654', '월,화,수,목,금', '계명대학교 의과대학 졸업');
INSERT INTO DOCTOR VALUES ('333888866', '민호', '정','정형외과', '03', 'htehwg654', '', '');
INSERT INTO DOCTOR VALUES ('345345345', '준혁', '손','마취통증의학과', '11', 'htehwg654', '', '계명대학교 의과대학 졸업');
INSERT INTO DOCTOR VALUES ('888881111', '상철', '최','신경외과', '08', 'htehwg654', '', '영남대학교 의과대학 졸업');
INSERT INTO DOCTOR VALUES ('777666111', '상욱', '김','신경외과', '08', 'htehwg654', '월,화,수,목,금', '');
INSERT INTO DOCTOR VALUES ('456456456', '현정', '김','소아청소년과', '04', 'gsae78', '월,화,수,목,금', '계명대학교 의과대학 졸업');
INSERT INTO DOCTOR VALUES ('567567567', '민성', '최','소아청소년과', '04', 'gsae78', '월,화,수,목,금', '');
INSERT INTO DOCTOR VALUES ('678678678', '수현', '이','소아청소년과','04', 'gsae78', '월,수.금', '계명대학교 의과대학 졸업');
INSERT INTO DOCTOR VALUES ('789789789', '도현', '이','내과', '01', 'jkruy654', '월,화,수,목,금', '서울대학교 의과대학 졸업');
INSERT INTO DOCTOR VALUES ('246810121', '태림', '이','내과', '01', 'jkruy654', '월,화,수,목,금', '연세대학교 의과대학 졸업');
INSERT INTO DOCTOR VALUES ('123451234', '예진', '김','내과', '01', 'jkruy654', '월,화,수,목,금', '연세대학교 의과대학 졸업');
INSERT INTO DOCTOR VALUES ('234562345', '동현', '박','정형외과', '03', 'jkruy654', '월,수,금', '인제대학교 의과대학 졸업');
INSERT INTO DOCTOR VALUES ('345673456', '현중', '김','정형외과', '03', 'jkruy654', '월,화,목', '부산대학교 의과대학 졸업');
INSERT INTO DOCTOR VALUES ('456784567', '보람', '김','신경외과', '08', 'jkruy654', '월,수,금', '충남대학교 의과대학 졸업');
INSERT INTO DOCTOR VALUES ('567895678', '유민', '김','신경외과', '08', 'jkruy654', '월,화,목', '영남대학교 의과대학 졸업');
INSERT INTO DOCTOR VALUES ('147147147', '은영', '박','마취통증의학과', '11', 'jkruy654', '월,화,수,목,금', '경북대학교 의과대학 졸업');
INSERT INTO DOCTOR VALUES ('699988554', '혜민', '최','소아청소년과', '04', 'jkruy654', '월,수,금', '성균관대학교 의과대학 졸업');
INSERT INTO DOCTOR VALUES ('111222255', '현수', '이','소아청소년과', '04', 'jkruy654', '화,목,토', '성균관대학교 의과대학 졸업');
INSERT INTO DOCTOR VALUES ('258258258', '민서', '김','산부인과', '05', 'turk848', '월,화,수,목,금', '경북대학교 의과대학 졸업');
INSERT INTO DOCTOR VALUES ('369369369', '승수', '박','산부인과', '05', 'turk848', '월,화,수,목,금', '경북대학교 의과대학 졸업');
INSERT INTO DOCTOR VALUES ('741741741', '윤기', '최','산부인과', '05', 'turk848', '월,화,수,목,금', '한양대학교 의과대학 졸업');
INSERT INTO DOCTOR VALUES ('852852852', '성민', '민','내과', '01', 'turk848', '월,수,금', '대구가톨릭대학교 의과대학 졸업');
INSERT INTO DOCTOR VALUES ('963963963', '진희', '이','내과', '01', 'turk848', '월,화,수,목', '경북대학교 의과대학 졸업');
INSERT INTO DOCTOR VALUES ('147258369', '정호', '전','소아청소년과', '04', 'turk848', '월,화,수,목,금', '경북대학교 의과대학 졸업');
INSERT INTO DOCTOR VALUES ('258369147', '미경', '송','소아청소년과', '04', 'turk848', '월,화,수,목,금', '중앙대학교 의과대학 졸업');
INSERT INTO DOCTOR VALUES ('369147258', '민지', '박','치과', '12', 'ktude8465', '월,화,수,목,금', '경북대학교 치과대학 졸업');
INSERT INTO DOCTOR VALUES ('852741963', '현수', '최','치과',  '12', 'haaeh984', '월,화,수,목,금', '경북대학교 치과대학 졸업');

-- WARD
INSERT INTO WARD VALUES (TO_DATE('2022-10-14 17:49:53','yyyy-mm-dd hh24:mi:ss'), 140000, '2인실', 1, 'abcd1234');
INSERT INTO WARD VALUES (TO_DATE('2022-10-13 17:47:32','yyyy-mm-dd hh24:mi:ss'), 60000, '6인실', 2, 'abcd1234');
INSERT INTO WARD VALUES (TO_DATE('2022-10-15 12:45:32','yyyy-mm-dd hh24:mi:ss'), 90000, '4인실', 5, 'hos1016');
INSERT INTO WARD VALUES (TO_DATE('2022-10-17 07:17:04','yyyy-mm-dd hh24:mi:ss'), 65000, '6인실', 2, 'aefa4646');
INSERT INTO WARD VALUES (TO_DATE('2022-10-16 04:25:18','yyyy-mm-dd hh24:mi:ss'), 150000, '2인실', 1, 'gra468');
INSERT INTO WARD VALUES (TO_DATE('2022-10-18 11:27:38','yyyy-mm-dd hh24:mi:ss'), 130000, '2인실', 2, 'ragaar1463');
INSERT INTO WARD VALUES (TO_DATE('2022-10-14 21:46:04','yyyy-mm-dd hh24:mi:ss'), 0, '링거실', 1, 'ragaar1463');
INSERT INTO WARD VALUES (TO_DATE('2022-10-17 03:24:19','yyyy-mm-dd hh24:mi:ss'), 0, '링거실', 2, 'qwqw45641');
INSERT INTO WARD VALUES (TO_DATE('2022-10-18 08:02:36','yyyy-mm-dd hh24:mi:ss'), 0, '링거실', 4, 'fea54586');
INSERT INTO WARD VALUES (TO_DATE('2022-10-17 08:26:51','yyyy-mm-dd hh24:mi:ss'), 110000, '2인실', 3, 'cdh451');
INSERT INTO WARD VALUES (TO_DATE('2022-10-17 23:02:21','yyyy-mm-dd hh24:mi:ss'), 500000, '1인실', 1, 'cdh451');
INSERT INTO WARD VALUES (TO_DATE('2022-10-15 09:57:19','yyyy-mm-dd hh24:mi:ss'), 170000, '2인실', 4, 'gb6avf');
INSERT INTO WARD VALUES (TO_DATE('2022-10-17 21:14:27','yyyy-mm-dd hh24:mi:ss'), 50000, '6인실', 5, 'gb6avf');
INSERT INTO WARD VALUES (TO_DATE('2022-10-17 13:39:27','yyyy-mm-dd hh24:mi:ss'), 160000, '2인실', 2, 'fda4648');
INSERT INTO WARD VALUES (TO_DATE('2022-10-19 18:04:10','yyyy-mm-dd hh24:mi:ss'), 380000, '1인실', 1, 'fda4648');
INSERT INTO WARD VALUES (TO_DATE('2022-10-18 07:30:53','yyyy-mm-dd hh24:mi:ss'), 150000, '2인실', 4, 'gregef648');
INSERT INTO WARD VALUES (TO_DATE('2022-10-19 02:02:56','yyyy-mm-dd hh24:mi:ss'), 50000, '6인실', 0, 'htehwg654');
INSERT INTO WARD VALUES (TO_DATE('2022-10-15 18:57:49','yyyy-mm-dd hh24:mi:ss'), 160000, '2인실', 3, 'gsae78');
INSERT INTO WARD VALUES (TO_DATE('2022-10-19 09:59:24','yyyy-mm-dd hh24:mi:ss'), 110000, '4인실', 3, 'jkruy654');
INSERT INTO WARD VALUES (TO_DATE('2022-10-18 01:20:50','yyyy-mm-dd hh24:mi:ss'), 440000, '1인실', 1, 'jkruy654');
INSERT INTO WARD VALUES (TO_DATE('2022-10-19 19:18:24','yyyy-mm-dd hh24:mi:ss'), 170000, '2인실', 6, 'jkruy654');
INSERT INTO WARD VALUES (TO_DATE('2022-10-19 04:33:40','yyyy-mm-dd hh24:mi:ss'), 0, '링거실', 5, 'jkruy654');
INSERT INTO WARD VALUES (TO_DATE('2022-10-16 00:52:57','yyyy-mm-dd hh24:mi:ss'), 0, '링거실', 2, 'turk848');
INSERT INTO WARD VALUES (TO_DATE('2022-10-17 16:08:47','yyyy-mm-dd hh24:mi:ss'), 110000, '4인실', 1, 'turk848');
INSERT INTO WARD VALUES (TO_DATE('2022-10-20 14:52:23','yyyy-mm-dd hh24:mi:ss'), 470000, '1인실', 0, 'agwe9564');
INSERT INTO WARD VALUES (TO_DATE('2022-10-14 20:36:23','yyyy-mm-dd hh24:mi:ss'), 130000, '2인실', 1, 'bggds64');
INSERT INTO WARD VALUES (TO_DATE('2022-10-17 10:58:59','yyyy-mm-dd hh24:mi:ss'), 60000, '6인실', 5, 'adfef7545');
INSERT INTO WARD VALUES (TO_DATE('2022-10-15 18:47:45','yyyy-mm-dd hh24:mi:ss'), 0, '4인실', 4, 'fea54586');
INSERT INTO WARD VALUES (TO_DATE('2022-10-18 00:12:40','yyyy-mm-dd hh24:mi:ss'), 55000, '6인실', 2, 'ktude8465');
INSERT INTO WARD VALUES (TO_DATE('2022-10-18 05:51:34','yyyy-mm-dd hh24:mi:ss'), 150000, '2인실', 1, 'haaeh984');

-- WAITING_LIST
INSERT INTO WAITING_LIST VALUES (TO_DATE('2022-10-14 16:31:52','yyyy-mm-dd hh24:mi:ss'), 10, '진료중', '123456789');
INSERT INTO WAITING_LIST VALUES (TO_DATE('2022-10-19 16:10:28','yyyy-mm-dd hh24:mi:ss'), 0, '휴일', '987654321');
INSERT INTO WAITING_LIST VALUES (TO_DATE('2022-10-20 16:14:16','yyyy-mm-dd hh24:mi:ss'), 3, '진료중', '135798642');
INSERT INTO WAITING_LIST VALUES (TO_DATE('2022-10-20 16:35:12','yyyy-mm-dd hh24:mi:ss'), 5, '진료중', '111111111');
INSERT INTO WAITING_LIST VALUES (TO_DATE('2022-10-20 17:54:58','yyyy-mm-dd hh24:mi:ss'), 4, '진료중', '55558888');
INSERT INTO WAITING_LIST VALUES (TO_DATE('2022-10-20 17:59:00','yyyy-mm-dd hh24:mi:ss'), 9, '진료중', '222222222');
INSERT INTO WAITING_LIST VALUES (TO_DATE('2022-10-20 17:39:30','yyyy-mm-dd hh24:mi:ss'), 12, '진료중', '333333333');
INSERT INTO WAITING_LIST VALUES (TO_DATE('2022-10-20 16:21:10','yyyy-mm-dd hh24:mi:ss'), 22, '진료중', '444444444');
INSERT INTO WAITING_LIST VALUES (TO_DATE('2022-10-20 16:20:24','yyyy-mm-dd hh24:mi:ss'), 7, '진료중', '555555555');
INSERT INTO WAITING_LIST VALUES (TO_DATE('2022-10-19 17:07:58','yyyy-mm-dd hh24:mi:ss'), 0, '휴일', '666666666');
INSERT INTO WAITING_LIST VALUES (TO_DATE('2022-10-19 17:49:13','yyyy-mm-dd hh24:mi:ss'), 0, '휴일', '777777777');
INSERT INTO WAITING_LIST VALUES (TO_DATE('2022-10-19 16:14:13','yyyy-mm-dd hh24:mi:ss'), 0, '휴일', '888888888');
INSERT INTO WAITING_LIST VALUES (TO_DATE('2022-10-20 17:18:50','yyyy-mm-dd hh24:mi:ss'), 3, '진료중', '999999999');
INSERT INTO WAITING_LIST VALUES (TO_DATE('2022-10-20 17:28:39','yyyy-mm-dd hh24:mi:ss'), 5, '진료중', '101010101');
INSERT INTO WAITING_LIST VALUES (TO_DATE('2022-10-20 16:04:08','yyyy-mm-dd hh24:mi:ss'), 5, '진료중', '212121212');
INSERT INTO WAITING_LIST VALUES (TO_DATE('2022-10-20 17:52:08','yyyy-mm-dd hh24:mi:ss'), 6, '부재중', '323232323');
INSERT INTO WAITING_LIST VALUES (TO_DATE('2022-10-20 17:52:00','yyyy-mm-dd hh24:mi:ss'), 7, '부재중', '434343434');
INSERT INTO WAITING_LIST VALUES (TO_DATE('2022-10-20 17:21:59','yyyy-mm-dd hh24:mi:ss'), 1, '진료중', '545454545');
INSERT INTO WAITING_LIST VALUES (TO_DATE('2022-10-20 17:18:23','yyyy-mm-dd hh24:mi:ss'), 2, '진료중', '656565656');
INSERT INTO WAITING_LIST VALUES (TO_DATE('2022-10-20 17:46:57','yyyy-mm-dd hh24:mi:ss'), 3, '진료중', '656565655');
INSERT INTO WAITING_LIST VALUES (TO_DATE('2022-10-19 17:59:42','yyyy-mm-dd hh24:mi:ss'), 0, '휴일', '998877665');
INSERT INTO WAITING_LIST VALUES (TO_DATE('2022-10-20 16:44:27','yyyy-mm-dd hh24:mi:ss'), 12, '진료중', '887766554');
INSERT INTO WAITING_LIST VALUES (TO_DATE('2022-10-20 16:09:52','yyyy-mm-dd hh24:mi:ss'), 13, '진료중', '776655443');
INSERT INTO WAITING_LIST VALUES (TO_DATE('2022-10-19 16:46:54','yyyy-mm-dd hh24:mi:ss'), 0, '휴일', '665544112');
INSERT INTO WAITING_LIST VALUES (TO_DATE('2022-10-19 17:05:11','yyyy-mm-dd hh24:mi:ss'), 0, '휴일', '767676767');
INSERT INTO WAITING_LIST VALUES (TO_DATE('2022-10-20 16:21:23','yyyy-mm-dd hh24:mi:ss'), 0, '진료중', '777766444');
INSERT INTO WAITING_LIST VALUES (TO_DATE('2022-10-20 17:28:54','yyyy-mm-dd hh24:mi:ss'), 2, '진료중', '878787878');
INSERT INTO WAITING_LIST VALUES (TO_DATE('2022-10-20 17:10:33','yyyy-mm-dd hh24:mi:ss'), 25, '진료중', '010101010');
INSERT INTO WAITING_LIST VALUES (TO_DATE('2022-10-19 16:10:05','yyyy-mm-dd hh24:mi:ss'), 0, '휴일', '121212121');
INSERT INTO WAITING_LIST VALUES (TO_DATE('2022-10-19 17:54:10','yyyy-mm-dd hh24:mi:ss'), 0, '출장', '989898989');
INSERT INTO WAITING_LIST VALUES (TO_DATE('2022-10-20 17:41:20','yyyy-mm-dd hh24:mi:ss'), 11, '진료중', '232323232');
INSERT INTO WAITING_LIST VALUES (TO_DATE('2022-10-20 17:58:23','yyyy-mm-dd hh24:mi:ss'), 21, '진료중', '343434343');
INSERT INTO WAITING_LIST VALUES (TO_DATE('2022-10-19 16:41:58','yyyy-mm-dd hh24:mi:ss'), 0, '휴일', '454545454');
INSERT INTO WAITING_LIST VALUES (TO_DATE('2022-10-19 17:16:11','yyyy-mm-dd hh24:mi:ss'), 0, '휴일', '565656565');
INSERT INTO WAITING_LIST VALUES (TO_DATE('2022-10-20 17:51:45','yyyy-mm-dd hh24:mi:ss'), 5, '진료중', '676767676');
INSERT INTO WAITING_LIST VALUES (TO_DATE('2022-10-20 17:35:58','yyyy-mm-dd hh24:mi:ss'), 19, '진료중', '787878787');
INSERT INTO WAITING_LIST VALUES (TO_DATE('2022-10-20 17:57:07','yyyy-mm-dd hh24:mi:ss'), 10, '진료중', '898989898');
INSERT INTO WAITING_LIST VALUES (TO_DATE('2022-10-20 17:39:23','yyyy-mm-dd hh24:mi:ss'), 8, '진료중', '123123123');
INSERT INTO WAITING_LIST VALUES (TO_DATE('2022-10-20 17:26:20','yyyy-mm-dd hh24:mi:ss'), 24, '진료중', '234234234');
INSERT INTO WAITING_LIST VALUES (TO_DATE('2022-10-20 17:47:46','yyyy-mm-dd hh24:mi:ss'), 31, '진료중', '333888866');
INSERT INTO WAITING_LIST VALUES (TO_DATE('2022-10-19 16:50:24','yyyy-mm-dd hh24:mi:ss'), 0, '휴일', '345345345');
INSERT INTO WAITING_LIST VALUES (TO_DATE('2022-10-19 16:43:57','yyyy-mm-dd hh24:mi:ss'), 0, '휴일', '888881111');
INSERT INTO WAITING_LIST VALUES (TO_DATE('2022-10-20 17:28:34','yyyy-mm-dd hh24:mi:ss'), 4, '진료중', '777666111');
INSERT INTO WAITING_LIST VALUES (TO_DATE('2022-10-20 16:14:01','yyyy-mm-dd hh24:mi:ss'), 25, '진료중', '456456456');
INSERT INTO WAITING_LIST VALUES (TO_DATE('2022-10-20 16:59:37','yyyy-mm-dd hh24:mi:ss'), 4, '진료중', '567567567');
INSERT INTO WAITING_LIST VALUES (TO_DATE('2022-10-19 16:28:00','yyyy-mm-dd hh24:mi:ss'), 0, '휴일', '678678678');
INSERT INTO WAITING_LIST VALUES (TO_DATE('2022-10-20 17:22:45','yyyy-mm-dd hh24:mi:ss'), 0, '진료중', '789789789');
INSERT INTO WAITING_LIST VALUES (TO_DATE('2022-10-20 17:27:26','yyyy-mm-dd hh24:mi:ss'), 1, '진료중', '246810121');
INSERT INTO WAITING_LIST VALUES (TO_DATE('2022-10-20 17:16:46','yyyy-mm-dd hh24:mi:ss'), 1, '진료중', '123451234');
INSERT INTO WAITING_LIST VALUES (TO_DATE('2022-10-19 17:26:32','yyyy-mm-dd hh24:mi:ss'), 0, '부재중', '234562345');
INSERT INTO WAITING_LIST VALUES (TO_DATE('2022-10-19 16:31:34','yyyy-mm-dd hh24:mi:ss'), 0, '휴일', '345673456');
INSERT INTO WAITING_LIST VALUES (TO_DATE('2022-10-20 17:17:40','yyyy-mm-dd hh24:mi:ss'), 11, '진료중', '456784567');
INSERT INTO WAITING_LIST VALUES (TO_DATE('2022-10-20 16:56:12','yyyy-mm-dd hh24:mi:ss'), 0, '진료중', '567895678');
INSERT INTO WAITING_LIST VALUES (TO_DATE('2022-10-20 16:56:32','yyyy-mm-dd hh24:mi:ss'), 2, '진료중', '147147147');
INSERT INTO WAITING_LIST VALUES (TO_DATE('2022-10-20 17:02:47','yyyy-mm-dd hh24:mi:ss'), 0, '부재중', '699988554');
INSERT INTO WAITING_LIST VALUES (TO_DATE('2022-10-19 17:54:54','yyyy-mm-dd hh24:mi:ss'), 0, '휴일', '111222255');
INSERT INTO WAITING_LIST VALUES (TO_DATE('2022-10-20 16:41:08','yyyy-mm-dd hh24:mi:ss'), 5, '진료중', '258258258');
INSERT INTO WAITING_LIST VALUES (TO_DATE('2022-10-20 16:35:21','yyyy-mm-dd hh24:mi:ss'), 3, '진료중', '369369369');
INSERT INTO WAITING_LIST VALUES (TO_DATE('2022-10-20 17:51:40','yyyy-mm-dd hh24:mi:ss'), 3, '진료중', '741741741');
INSERT INTO WAITING_LIST VALUES (TO_DATE('2022-10-20 16:49:11','yyyy-mm-dd hh24:mi:ss'), 2, '부재중', '852852852');
INSERT INTO WAITING_LIST VALUES (TO_DATE('2022-10-19 17:25:54','yyyy-mm-dd hh24:mi:ss'), 0, '휴일', '963963963');
INSERT INTO WAITING_LIST VALUES (TO_DATE('2022-10-20 17:31:48','yyyy-mm-dd hh24:mi:ss'), 4, '진료중', '147258369');
INSERT INTO WAITING_LIST VALUES (TO_DATE('2022-10-20 16:06:10','yyyy-mm-dd hh24:mi:ss'), 8, '진료중', '258369147');
INSERT INTO WAITING_LIST VALUES (TO_DATE('2022-10-20 16:36:09','yyyy-mm-dd hh24:mi:ss'), 14, '진료중', '369147258');
INSERT INTO WAITING_LIST VALUES (TO_DATE('2022-10-20 16:30:43','yyyy-mm-dd hh24:mi:ss'), 5, '부재중', '852741963');

-- PATIENT
INSERT INTO PATIENT VALUES ('abc123','길동','홍','xyz987','951212-1234567','M','951212','01000000000','대구광역시 북구 대학로 80',70,175.5);
INSERT INTO PATIENT VALUES ('kyh','영희','김','yhk12345','990303-2345678','F','990303','01011111111','대구광역시 중구 국채보상로 680',50.3,160);
INSERT INTO PATIENT VALUES ('JWL','지우','이','jfjafej484','850116-2123456','F','850116','01078789898',NULL,60,165);
INSERT INTO PATIENT VALUES ('lsy291','서윤','박','afke321!!','010622-4567890','F','010622','01025896321',NULL,45,158);
INSERT INTO PATIENT VALUES ('CSY21','서연','최','dfaegae32','110630-4987654','F','110630','01099998888','대구광역시 달서구 월배로 321',39,143);
INSERT INTO PATIENT VALUES ('cj1234','서준','정','fgee32!@','980416-1245789','M','980416','01045646849','대구광역시 북구 대학로 12길',76,180.2);
INSERT INTO PATIENT VALUES ('mS1234','민서','강','fg2312!@','871123-2587410','F','871123','01089876849',NULL,60,150.2);
INSERT INTO PATIENT VALUES ('Sh1234','서현','조','fgee22!@','770917-2587411','F','770917','01035641234',NULL,50,160.2);
INSERT INTO PATIENT VALUES ('DY344','도윤','윤','fgee44!@','660325-1587412','M','660325','01045646849','대구광역시 동구 대학로 12길',77,183.5);
INSERT INTO PATIENT VALUES ('JJM4','지민','장','fgee55!@','990122-2587413','F','990122','01052436849','대구광역시 서구 대학로 12길',56,157.2);
INSERT INTO PATIENT VALUES ('YY111','연우','김','xyz997','790504-1234567','M','790504','01022226666','대구광역시 수성구 대학로 80',70,176.5);
INSERT INTO PATIENT VALUES ('jw12','지원','박','yhk1232245','841130-2343678','F','8411130','01012211111','대구광역시 남구 국채보상로 120',50.3,161);
INSERT INTO PATIENT VALUES ('JH85','지호','이','afe12j484','990309-1923456','M','990309','01077779898',NULL,77,185);
INSERT INTO PATIENT VALUES ('JSJ','서진','정','afke3321!!','690711-1367890','M','690711','01020616321',NULL,56,158);
INSERT INTO PATIENT VALUES ('HJ1212','하준','강','dfaeg12ae32','120314-3387654','M','120314','01034598888','대구광역시 달성군 월배로 222',38,144);
INSERT INTO PATIENT VALUES ('JWjWJ','정우','김','uyu999','730904-1902367','M','730904','01034226666','대구광역시 수성구 산격동 12',71,172.5);
INSERT INTO PATIENT VALUES ('OO1414','유찬','오','kisk125','140930-3329178','M','140930','01098711111','대구광역시 남구 복현동 319',60.3,171.3);
INSERT INTO PATIENT VALUES ('SWS85','시온','서','aaa12j484','810528-1722096','M','810528','01077774928',NULL,77,185);
INSERT INTO PATIENT VALUES ('HHJ','하진','한','adkw3321!!','550721-1267320','M','550721','01081116321',NULL,66,175);
INSERT INTO PATIENT VALUES ('HK1210','한결','이','sdk32e','021214-3343454','M','021214','01034511178','대구광역시 달성군 낙민동 32',89,187);
INSERT INTO PATIENT VALUES ('JJJ','정국','이','xyz987','951212-1232567','M','951212','01000000000','대구광역시 북구 수안동 80',69,185.5);
INSERT INTO PATIENT VALUES ('456yj','윤지','남','yhk12345','990303-2305478','F','990303','01011111111','대구광역시 진구 국채보상로 680',45.3,160);
INSERT INTO PATIENT VALUES ('HoHO','하영','오','jfjafej484','850116-4901926','F','850116','01078789898',NULL,47,155.9);
INSERT INTO PATIENT VALUES ('12y291','정민','박','afke321!!','010622-4029230','F','010622','01025896321',NULL,42,158);
INSERT INTO PATIENT VALUES ('C341','소윤','손','jjjae32','110630-4111654','F','110630','01099998888','대구광역시 달서구 안락동 321',39,133);
INSERT INTO PATIENT VALUES ('NA1','나연','서','20482!@','980416-4242329','F','980416','01045646849','대구광역시 북구 온천천로 12길',60,170.2);
INSERT INTO PATIENT VALUES ('AS1234','지연','강','fgee12!@','871123-2587210','F','871123','01089876849',NULL,62,172.2);
INSERT INTO PATIENT VALUES ('Uh9834','서연','정','fgee22!@','770917-2587221','F','770917','01035641234',NULL,51,161.3);
INSERT INTO PATIENT VALUES ('DY0091','동욱','한','fge1044!@','660325-1587232','M','660325','01045636849','대구광역시 북구 대학로 1214길',79,177.5);
INSERT INTO PATIENT VALUES ('JJ12M4','태연','최','4gee55!@','990122-2999413','F','990122','01052436849','대구광역시 서구 복현동 12길',52,157.9);
INSERT INTO PATIENT VALUES ('JsJ','호섭','이','kfjafej4221','751212-1232567','M','751212','01000020000','대구광역시 달서구 수안동 80',79,185.5);
INSERT INTO PATIENT VALUES ('4wqe6yj','윤기','남','jfjafej424','840312-1305478','M','840312','01012111111','대구광역시 사하구 보상로 20',50,169);
INSERT INTO PATIENT VALUES ('How','백현','이','afej994','880316-1901926','M','880316','01078782898',NULL,67,179.9);
INSERT INTO PATIENT VALUES ('1wy291','여민','박','ifja1284!!','040622-4029230','F','040622','01025896371',NULL,43,158.5);
INSERT INTO PATIENT VALUES ('3qw1','인성','한','dfa112gae32','970620-1111654','M','970620','01079998878','대구광역시 달서구 낙민동 321',45,163);
INSERT INTO PATIENT VALUES ('qweA1','나현','서','egee231','080912-4242329','F','080912','01075647849','대구광역시 서구 온천천로 12길',41,150.2);
INSERT INTO PATIENT VALUES ('ASas34','예지','강','12ee12!@','961123-2582310','F','961123','01087876879',NULL,62,171);
INSERT INTO PATIENT VALUES ('129834','인희','정','fg022!@','870923-2387221','F','870923','01035561734',NULL,61,167.3);
INSERT INTO PATIENT VALUES ('DY1291','제엽','민','dleee44!@','100325-3587232','M','100325','01046468249','대구광역시 사하구 대학로 1214길',74,179.9);
INSERT INTO PATIENT VALUES ('TY','태희','전','fgaw55!@','890122-2379413','F','890122','01052436849',NULL,52,160.9);
INSERT INTO PATIENT VALUES ('1203','준표','이','kisd21','880209-1232367','M','880209','01010020000','대구광역시 달서구 복현동 92',81,186.5);
INSERT INTO PATIENT VALUES ('5wqje6yj','우빈','남','wqedqwe24','940612-1325478','M','940612','01012311111','대구광역시 사하구 보상로 10',53,169);
INSERT INTO PATIENT VALUES ('HHH','영도','세','isd21','920416-19451926','M','920416','01078482898',NULL,66,189.4);
INSERT INTO PATIENT VALUES ('239291','은상','박','jfja128s4!','110622-4039230','F','110622','01025892371',NULL,47,158.5);
INSERT INTO PATIENT VALUES ('3sk1','보민','한','sd2gawee32','970820-1131254','M','970820','01072298878','대구광역시 진구 낙민동 111',53,163);
INSERT INTO PATIENT VALUES ('wk3eA1','보나','서','21gqw1','000912-4242222','F','000912','01010237849','대구광역시 달서구 온천천로 71길',43,160.2);
INSERT INTO PATIENT VALUES ('skcjm','원희','함','e32112','991027-2212710','F','991027','01085555579',NULL,52,161);
INSERT INTO PATIENT VALUES ('ek3kd','예원','정','fg022!@','870917-2237021','F','870917','01095561734',NULL,62,177.3);
INSERT INTO PATIENT VALUES ('DH','이정','민','dwkduf4isd214!@','000315-3999232','M','000315','01046428249','대구광역시 수성구 대학로 914길',84,170.9);
INSERT INTO PATIENT VALUES ('Ss','희정','김','fgsd51','490112-2873413','F','490112','0101236849',NULL,51,163.9);
INSERT INTO PATIENT VALUES ('JHJ','희지','장','juee55!@','920122-2687413','F','920122','01022436849','대구광역시 서구 대학로 12길',56,157.2);
INSERT INTO PATIENT VALUES ('KWH','우혁','김','qw9e7','390504-1222567','M','390504','01077226666','대구광역시 북구 대학로 123',70,172.5);
INSERT INTO PATIENT VALUES ('BAR','아린','박','iikw245','241130-2343678','F','241130','01082411111','대구광역시 남구 국채보상로 892',63.3,161);
INSERT INTO PATIENT VALUES ('AJW','정원','안','wefe12j484','490309-1323456','M','490309','01093779898',NULL,70,185);
INSERT INTO PATIENT VALUES ('PJS','정석','박','8ske3321!!','790211-1367890','M','790211','01025616321',NULL,46,158);
INSERT INTO PATIENT VALUES ('KHS','하성','강','d120ae32','420314-3237654','M','420314','01032292888','대구광역시 달성군 월배로 342',38,144);
INSERT INTO PATIENT VALUES ('KJI','정익','김','uetw999','781104-1912367','M','781104','01011216666','대구광역시 수성구 산격동 12',71,172.5);
INSERT INTO PATIENT VALUES ('NUH','유한','남','lsisk125','040930-3329178','M','040930','01098711234','대구광역시 남구 복현동 429',60.3,171.3);
INSERT INTO PATIENT VALUES ('ISW','시완','임','kkk84','880528-1721296','M','880528','01012374928',NULL,72,185.4);
INSERT INTO PATIENT VALUES ('HTJ','태진','한','a2w3321!!','450921-1333320','M','450921','01094116321',NULL,56,155);
INSERT INTO PATIENT VALUES ('KSH','소희','강','lwjae32','120220-4251654','F','120220','01011998888','대구광역시 달서구 사락동 7721',36,135);
INSERT INTO PATIENT VALUES ('JHJH12','지희','서','20we2!@','180416-4992329','F','180416','01045492849','대구광역시 북구 온천천로 12길',64,173.2);
INSERT INTO PATIENT VALUES ('A23234','나영','가','4gee12!@','671123-2582310','F','671123','01030476849',NULL,61,162.7);
INSERT INTO PATIENT VALUES ('H34834','하연','정','osme22@','970917-2217221','F','970917','01035120234',NULL,56,151.2);
INSERT INTO PATIENT VALUES ('JY0099','제욱','구','qkr1044!@','460325-1110232','M','460325','01077736849','대구광역시 수성구 대학로 14길',79,177.5);
INSERT INTO PATIENT VALUES ('CYY2','예연','최','4gee','890122-2823413','F','890122','01050596849','대구광역시 서구 복현동 92길',52,157.9);
INSERT INTO PATIENT VALUES ('JSJs','지섭','이','fej9821','851212-1432563','M','851212','01012020090','대구광역시 달서구 수안동 80',77,175.5);
INSERT INTO PATIENT VALUES ('wnsaus2','준면','남','sjaf224','740312-1333478','M','740312','01013041111','대구광역시 사하구 보상로 10',52,159);
INSERT INTO PATIENT VALUES ('CHAN','찬열','이','dime94','680316-1011926','M','680316','01078782212',NULL,47,159.9);
INSERT INTO PATIENT VALUES ('eism134','여민','장','alwfwe84!!','140622-4021230','F','140622','01045896371',NULL,33,148.5);
INSERT INTO PATIENT VALUES ('Jw1','재현','문','ae32','770620-1111654','M','770620','01079348878','대구광역시 달서구 교동 321',65,183);


-- RECORD (Datetime, History, Disease_entity, Symptom, Patient_SSN,Hid) 100
    --record 1 x 30명
INSERT INTO RECORD VALUES (TO_DATE('2022-10-14 16:28:39','yyyy-mm-dd hh24:mi:ss'),'튼튼속내과의원 내과', '독감', '인후통', '951212-1234567','abcd1234');
INSERT INTO RECORD VALUES (TO_DATE('2022-10-14 09:53:31','yyyy-mm-dd hh24:mi:ss'),'튼튼속내과의원 내과', '코로나', '발열,인후통', '990303-2345678','abcd1234');
INSERT INTO RECORD VALUES (TO_DATE('2022-10-14 11:28:39','yyyy-mm-dd hh24:mi:ss'),'튼튼속내과의원 내과', '소화불량', '복통', '850116-2123456','abcd1234');
INSERT INTO RECORD VALUES (TO_DATE('2022-10-13 17:53:31','yyyy-mm-dd hh24:mi:ss'),'튼튼속내과의원 내과', '위염', '발열,복통', '010622-4567890','abcd1234');
INSERT INTO RECORD VALUES (TO_DATE('2022-10-13 13:28:39','yyyy-mm-dd hh24:mi:ss'),'튼튼속내과의원 내과', '급성간염', '복통', '110630-4987654','abcd1234');

INSERT INTO RECORD VALUES (TO_DATE('2022-10-14 16:53:31','yyyy-mm-dd hh24:mi:ss'),'화원정형외과의원 정형외과', '관절질환', '통풍성관절염', '980416-1245789','hos1016');
INSERT INTO RECORD VALUES (TO_DATE('2022-08-14 14:28:39','yyyy-mm-dd hh24:mi:ss'),'이미정산부인과사랑의원 산부인과', '질염', '요통', '871123-2587410','gra468');
INSERT INTO RECORD VALUES (TO_DATE('2022-09-12 11:53:31','yyyy-mm-dd hh24:mi:ss'),'이미정산부인과사랑의원 산부인과', '자궁경부암', '요통', '770917-2587411','gra468');
INSERT INTO RECORD VALUES (TO_DATE('2022-06-14 09:56:39','yyyy-mm-dd hh24:mi:ss'),'화원정형외과의원 정형외과', '관절질환', '후방부 통증', '660325-1587412','hos1016');
INSERT INTO RECORD VALUES (TO_DATE('2022-10-16 12:53:31','yyyy-mm-dd hh24:mi:ss'),'이미정산부인과사랑의원 산부인과', '코로나', '발열,인후통', '990122-2587413','gra468');

INSERT INTO RECORD VALUES (TO_DATE('2022-03-17 13:28:39','yyyy-mm-dd hh24:mi:ss'),'현풍제일연합의원 내과', '감기', '발열,인후통', '790504-1234567','aefa4646');
INSERT INTO RECORD VALUES (TO_DATE('2022-11-27 14:53:31','yyyy-mm-dd hh24:mi:ss'),'현풍제일연합의원 내과', '식도염', '발열,인후통', '841130-2343678','aefa4646');
INSERT INTO RECORD VALUES (TO_DATE('2022-12-17 15:28:23','yyyy-mm-dd hh24:mi:ss'),'현풍제일연합의원 내과', '독감', '인후통', '990309-1923456','aefa4646');
INSERT INTO RECORD VALUES (TO_DATE('2022-10-24 16:53:31','yyyy-mm-dd hh24:mi:ss'),'현풍제일연합의원 소아청소년과', '코로나', '발열,인후통', '690711-1367890','aefa4646');
INSERT INTO RECORD VALUES (TO_DATE('2022-11-14 17:28:39','yyyy-mm-dd hh24:mi:ss'),'현풍제일연합의원 소아청소년과', '위염', '발열,복통', '120314-3387654','aefa4646');

INSERT INTO RECORD VALUES (TO_DATE('2022-01-14 09:53:31','yyyy-mm-dd hh24:mi:ss'),'현풍제일연합의원 내과', '감기', '발열,인후통', '730904-1902367','aefa4646');
INSERT INTO RECORD VALUES (TO_DATE('2022-08-13 10:28:39','yyyy-mm-dd hh24:mi:ss'),'현풍제일연합의원 내과', '독감', '인후통', '140930-3329178','aefa4646');
INSERT INTO RECORD VALUES (TO_DATE('2022-03-23 11:53:31','yyyy-mm-dd hh24:mi:ss'),'현풍제일연합의원 내과', '독감', '발열,인후통', '810528-1722096','aefa4646');
INSERT INTO RECORD VALUES (TO_DATE('2022-11-12 14:28:39','yyyy-mm-dd hh24:mi:ss'),'부강외과의원 외과', '식도질환', '인후통', '550721-1267320','ragaar1463');
INSERT INTO RECORD VALUES (TO_DATE('2022-09-23 15:53:31','yyyy-mm-dd hh24:mi:ss'),'부강외과의원 외과', '흉부외상', '흉부통증', '021214-3343454','ragaar1463');

INSERT INTO RECORD VALUES (TO_DATE('2022-10-20 16:28:39','yyyy-mm-dd hh24:mi:ss'),'부강외과의원 외과', '관절질환', '통풍성관절염', '951212-1232567','ragaar1463');
INSERT INTO RECORD VALUES (TO_DATE('2022-10-21 16:53:31','yyyy-mm-dd hh24:mi:ss'),'이미정산부인과사랑의원 산부인과', '질염', '요통', '990303-2305478','gra468');
INSERT INTO RECORD VALUES (TO_DATE('2022-10-21 16:28:39','yyyy-mm-dd hh24:mi:ss'),'부강외과의원 외과', '흉부외상', '인후통', '850116-4901926','ragaar1463');
INSERT INTO RECORD VALUES (TO_DATE('2022-10-24 16:53:31','yyyy-mm-dd hh24:mi:ss'),'부강외과의원 외과', '식도질환', '발열,인후통', '010622-4029230','ragaar1463');
INSERT INTO RECORD VALUES (TO_DATE('2022-10-30 16:28:39','yyyy-mm-dd hh24:mi:ss'),'부강외과의원 외과', '관절질환', '통풍성관절염', '110630-4111654','ragaar1463');

INSERT INTO RECORD VALUES (TO_DATE('2022-11-09 16:53:31','yyyy-mm-dd hh24:mi:ss'),'준이비인후과의원 이비인후과', '코로나', '발열,인후통', '980416-4242329','agwe9564');
INSERT INTO RECORD VALUES (TO_DATE('2022-11-12 16:28:39','yyyy-mm-dd hh24:mi:ss'),'준이비인후과의원 이비인후과', '독감', '인후통', '871123-2587210','agwe9564');
INSERT INTO RECORD VALUES (TO_DATE('2022-11-13 16:53:31','yyyy-mm-dd hh24:mi:ss'),'준이비인후과의원 이비인후과', '코로나', '발열,인후통', '770917-2587221','agwe9564');
INSERT INTO RECORD VALUES (TO_DATE('2022-11-14 16:28:39','yyyy-mm-dd hh24:mi:ss'),'준이비인후과의원 이비인후과', '독감', '인후통', '660325-1587232','agwe9564');
INSERT INTO RECORD VALUES (TO_DATE('2022-11-15 16:53:31','yyyy-mm-dd hh24:mi:ss'),'준이비인후과의원 이비인후과', '코로나', '발열,인후통', '990122-2999413','agwe9564');    


    --record 2 x 10명

INSERT INTO RECORD VALUES (TO_DATE('2022-10-18 14:28:39','yyyy-mm-dd hh24:mi:ss'),'경대연합안과의원 안과', '독감', '인후통', '751212-1232567','bggds64');
INSERT INTO RECORD VALUES (TO_DATE('2022-10-18 13:53:31','yyyy-mm-dd hh24:mi:ss'),'경대연합안과의원 안과', '코로나', '발열,인후통', '840312-1305478','bggds64');
INSERT INTO RECORD VALUES (TO_DATE('2022-10-18 11:28:39','yyyy-mm-dd hh24:mi:ss'),'경대연합안과의원 안과', '독감', '인후통', '880316-1901926','bggds64');
INSERT INTO RECORD VALUES (TO_DATE('2022-10-18 17:53:31','yyyy-mm-dd hh24:mi:ss'),'경대연합안과의원 안과', '코로나', '발열,인후통', '040622-4029230','bggds64');
INSERT INTO RECORD VALUES (TO_DATE('2022-10-18 15:28:39','yyyy-mm-dd hh24:mi:ss'),'경대연합안과의원 안과', '독감', '인후통', '970620-1111654','bggds64');
INSERT INTO RECORD VALUES (TO_DATE('2022-10-17 15:28:39','yyyy-mm-dd hh24:mi:ss'),'채흉부외과의원 외과', '일반흉부질환', '흉부외상', '080912-4242329','adfef7545');
INSERT INTO RECORD VALUES (TO_DATE('2022-10-17 09:53:31','yyyy-mm-dd hh24:mi:ss'),'채흉부외과의원 외과', '폐렴', '발열,폐통증', '961123-2582310','adfef7545');
INSERT INTO RECORD VALUES (TO_DATE('2022-10-13 10:28:39','yyyy-mm-dd hh24:mi:ss'),'채흉부외과의원 외과', '일반흉부질환', '인후통', '870923-2387221','adfef7545');
INSERT INTO RECORD VALUES (TO_DATE('2022-10-11 11:53:31','yyyy-mm-dd hh24:mi:ss'),'채흉부외과의원 외과', '흉부종양', '흉부외상', '100325-3587232','adfef7545');
INSERT INTO RECORD VALUES (TO_DATE('2022-10-14 16:28:39','yyyy-mm-dd hh24:mi:ss'),'채흉부외과의원 외과', '정맥질환', '만성통증', '890122-2379413','adfef7545');


INSERT INTO RECORD VALUES (TO_DATE('2022-11-21 16:28:39','yyyy-mm-dd hh24:mi:ss'),'경대본정형외과의원 정형외과', '족부질환', '발목염 통증', '751212-1232567','fea54586');
INSERT INTO RECORD VALUES (TO_DATE('2022-11-21 16:53:31','yyyy-mm-dd hh24:mi:ss'),'경대본정형외과의원 정형외과', '척추질환', '급만성 요통', '840312-1305478','fea54586');
INSERT INTO RECORD VALUES (TO_DATE('2022-11-01 16:28:39','yyyy-mm-dd hh24:mi:ss'),'경대본정형외과의원 정형외과', '척추질환', '만성통증', '880316-1901926','fea54586');
INSERT INTO RECORD VALUES (TO_DATE('2022-11-02 16:53:31','yyyy-mm-dd hh24:mi:ss'),'경대본정형외과의원 정형외과', '관절질환', '류마티스 관절염', '040622-4029230','fea54586');
INSERT INTO RECORD VALUES (TO_DATE('2022-11-03 16:28:39','yyyy-mm-dd hh24:mi:ss'),'경대본정형외과의원 정형외과', '척추질환', '만성통증', '970620-1111654','fea54586');
INSERT INTO RECORD VALUES (TO_DATE('2022-11-04 16:28:39','yyyy-mm-dd hh24:mi:ss'),'평화신경외과의원 신경외과', '뇌혈관', '두통', '080912-4242329','cdh451');
INSERT INTO RECORD VALUES (TO_DATE('2022-11-05 16:53:31','yyyy-mm-dd hh24:mi:ss'),'평화신경외과의원 신경외과', '뇌종양', '발열,두통', '961123-2582310','cdh451');
INSERT INTO RECORD VALUES (TO_DATE('2022-11-28 16:28:39','yyyy-mm-dd hh24:mi:ss'),'평화신경외과의원 신경외과', '척추질환', '만성통증', '870923-2387221','cdh451');
INSERT INTO RECORD VALUES (TO_DATE('2022-11-21 16:53:31','yyyy-mm-dd hh24:mi:ss'),'평화신경외과의원 신경외과', '말초신경', '발열,만성통증', '100325-3587232','cdh451');
INSERT INTO RECORD VALUES (TO_DATE('2022-11-21 16:28:39','yyyy-mm-dd hh24:mi:ss'),'평화신경외과의원 신경외과', '뇌혈관질환', '두통', '890122-2379413','cdh451');



    --record 3 x 10명

INSERT INTO RECORD VALUES (TO_DATE('2022-10-11 11:28:39','yyyy-mm-dd hh24:mi:ss'),'아세아연합의원 내과', '독감', '인후통', '880209-1232367','gb6avf');
INSERT INTO RECORD VALUES (TO_DATE('2022-10-12 12:53:31','yyyy-mm-dd hh24:mi:ss'),'아세아연합의원 내과', '식도염', '발열,인후통', '940612-1325478','gb6avf');
INSERT INTO RECORD VALUES (TO_DATE('2022-10-13 13:28:39','yyyy-mm-dd hh24:mi:ss'),'아세아연합의원 산부인과', '고위험임신', '복통', '920416-19451926','gb6avf');
INSERT INTO RECORD VALUES (TO_DATE('2022-10-13 14:53:31','yyyy-mm-dd hh24:mi:ss'),'아세아연합의원 소아청소년과', '코로나', '발열,인후통', '110622-4039230','gb6avf');
INSERT INTO RECORD VALUES (TO_DATE('2022-10-14 15:53:31','yyyy-mm-dd hh24:mi:ss'),'아세아연합의원 내과', '급성간염', '발열,복통', '970820-1131254','gb6avf');
INSERT INTO RECORD VALUES (TO_DATE('2022-10-14 16:28:39','yyyy-mm-dd hh24:mi:ss'),'곽앤신연합이비인후과의원 이비인후과', '비염', '인후통', '000912-4242222','qwqw45641');
INSERT INTO RECORD VALUES (TO_DATE('2022-10-14 17:28:39','yyyy-mm-dd hh24:mi:ss'),'곽앤신연합이비인후과의원 이비인후과', '목종양', '인후통', '991027-2212710','qwqw45641');
INSERT INTO RECORD VALUES (TO_DATE('2022-10-17 17:53:31','yyyy-mm-dd hh24:mi:ss'),'곽앤신연합이비인후과의원 이비인후과', '코로나', '발열,인후통', '870917-2237021','qwqw45641');
INSERT INTO RECORD VALUES (TO_DATE('2022-10-18 13:28:39','yyyy-mm-dd hh24:mi:ss'),'곽앤신연합이비인후과의원 이비인후과', '난청', '어지럼증', '000315-3999232','qwqw45641');
INSERT INTO RECORD VALUES (TO_DATE('2022-10-19 09:53:31','yyyy-mm-dd hh24:mi:ss'),'곽앤신연합이비인후과의원 이비인후과', '목종양', '발열,인후통', '490112-2873413','qwqw45641');


INSERT INTO RECORD VALUES (TO_DATE('2022-11-01 16:28:39','yyyy-mm-dd hh24:mi:ss'),'보광병원 내과', '독감', '인후통', '880209-1232367','fda4648');
INSERT INTO RECORD VALUES (TO_DATE('2022-11-02 09:53:31','yyyy-mm-dd hh24:mi:ss'),'보광병원 정형외과', '족부질환', '발목염좌', '940612-1325478','fda4648');
INSERT INTO RECORD VALUES (TO_DATE('2022-11-02 13:28:39','yyyy-mm-dd hh24:mi:ss'),'보광병원 신경외과', '뇌종양', '발열,두통', '920416-19451926','fda4648');
INSERT INTO RECORD VALUES (TO_DATE('2022-11-03 09:53:31','yyyy-mm-dd hh24:mi:ss'),'보광병원 신경외과', '뇌종양', '발열,두통', '110622-4039230','fda4648');
INSERT INTO RECORD VALUES (TO_DATE('2022-11-04 11:53:31','yyyy-mm-dd hh24:mi:ss'),'보광병원 영상의학과', '위염', '복통', '970820-1131254','fda4648');
INSERT INTO RECORD VALUES (TO_DATE('2022-11-14 16:28:39','yyyy-mm-dd hh24:mi:ss'),'보광병원 정형외과', '척추질환', '강직성 척수염', '000912-4242222','fda4648');
INSERT INTO RECORD VALUES (TO_DATE('2022-11-10 11:28:39','yyyy-mm-dd hh24:mi:ss'),'보광병원 정형외과', '척추질환', '급만성 요통', '991027-2212710','fda4648');
INSERT INTO RECORD VALUES (TO_DATE('2022-11-10 14:53:31','yyyy-mm-dd hh24:mi:ss'),'보광병원 영상의학과', '흉부검사', '통증없음', '870917-2237021','fda4648');
INSERT INTO RECORD VALUES (TO_DATE('2022-11-18 13:28:39','yyyy-mm-dd hh24:mi:ss'),'리더스재활의학병원 재활의학과', '척추질환', '척추측만증', '000315-3999232','gregef648');
INSERT INTO RECORD VALUES (TO_DATE('2022-11-22 13:53:31','yyyy-mm-dd hh24:mi:ss'),'리더스재활의학병원 재활의학과', '관절질환', '만성통증', '490112-2873413','gregef648');


INSERT INTO RECORD VALUES (TO_DATE('2022-12-06 16:28:39','yyyy-mm-dd hh24:mi:ss'),'열린큰병원 내과', '독감', '인후통', '880209-1232367','htehwg654');
INSERT INTO RECORD VALUES (TO_DATE('2022-12-07 13:53:31','yyyy-mm-dd hh24:mi:ss'),'열린큰병원 정형외과', '척추질환', '급만성 요통', '940612-1325478','htehwg654');
INSERT INTO RECORD VALUES (TO_DATE('2022-12-12 16:28:39','yyyy-mm-dd hh24:mi:ss'),'열린큰병원 정형외과', '족부질환', '발목염좌', '920416-19451926','htehwg654');
INSERT INTO RECORD VALUES (TO_DATE('2022-12-13 09:53:31','yyyy-mm-dd hh24:mi:ss'),'지혜로운아동병원 소아청소년과', '코로나', '발열,인후통', '110622-4039230','gsae78');
INSERT INTO RECORD VALUES (TO_DATE('2022-12-14 14:53:31','yyyy-mm-dd hh24:mi:ss'),'열린큰병원 마취통증의학과', '코로나', '발열,인후통', '970820-1131254','htehwg654');
INSERT INTO RECORD VALUES (TO_DATE('2022-12-16 11:28:39','yyyy-mm-dd hh24:mi:ss'),'열린큰병원 마취통증의학과', '독감', '인후통', '000912-4242222','htehwg654');
INSERT INTO RECORD VALUES (TO_DATE('2022-12-19 16:28:39','yyyy-mm-dd hh24:mi:ss'),'열린큰병원 신경외과', '뇌혈관', '두통', '991027-2212710','htehwg654');
INSERT INTO RECORD VALUES (TO_DATE('2022-12-10 09:53:31','yyyy-mm-dd hh24:mi:ss'),'열린큰병원 신경외과', '뇌혈관', '두통', '870917-2237021','htehwg654');
INSERT INTO RECORD VALUES (TO_DATE('2022-12-26 16:28:39','yyyy-mm-dd hh24:mi:ss'),'지혜로운아동병원 소아청소년과', '독감', '인후통', '000315-3999232','gsae78');
INSERT INTO RECORD VALUES (TO_DATE('2022-12-17 16:53:31','yyyy-mm-dd hh24:mi:ss'),'열린큰병원 신경외과', '코로나', '발열,인후통', '490112-2873413','htehwg654');


    --record 4 x 5명 
INSERT INTO RECORD VALUES (TO_DATE('2022-09-07 13:28:39','yyyy-mm-dd hh24:mi:ss'),'참조은병원 내과', '독감', '인후통', '920122-2687413','jkruy654');
INSERT INTO RECORD VALUES (TO_DATE('2022-09-19 09:53:31','yyyy-mm-dd hh24:mi:ss'),'참조은병원 정형외과', '척추질환', '급만성 요통', '390504-1222567','jkruy654');
INSERT INTO RECORD VALUES (TO_DATE('2022-09-20 16:28:39','yyyy-mm-dd hh24:mi:ss'),'여성아이병원 신경외과', '뇌혈관', '두통', '241130-2343678','turk848');
INSERT INTO RECORD VALUES (TO_DATE('2022-09-13 11:53:31','yyyy-mm-dd hh24:mi:ss'),'참조은병원 마취통증의학과', '코로나', '발열,인후통', '490309-1323456','jkruy654');
INSERT INTO RECORD VALUES (TO_DATE('2022-09-23 16:53:31','yyyy-mm-dd hh24:mi:ss'),'참조은병원 정형외과', '족부질환', '발열,인후통', '790211-1367890','jkruy654');

INSERT INTO RECORD VALUES (TO_DATE('2022-10-04 13:28:39','yyyy-mm-dd hh24:mi:ss'),'여성아이병원 소아청소년과', '독감', '인후통', '920122-2687413','turk848');
INSERT INTO RECORD VALUES (TO_DATE('2022-10-10 14:53:31','yyyy-mm-dd hh24:mi:ss'),'참조은병원 마취통증의학과', '코로나', '발열,인후통', '390504-1222567','jkruy654');
INSERT INTO RECORD VALUES (TO_DATE('2022-10-19 09:28:39','yyyy-mm-dd hh24:mi:ss'),'여성아이병원 내과', '독감', '인후통', '241130-2343678','turk848');
INSERT INTO RECORD VALUES (TO_DATE('2022-10-26 15:53:31','yyyy-mm-dd hh24:mi:ss'),'참조은병원 정형외과', '척추질환', '척추측만증', '490309-1323456','jkruy654');
INSERT INTO RECORD VALUES (TO_DATE('2022-10-14 16:53:31','yyyy-mm-dd hh24:mi:ss'),'참조은병원 신경외과', '코로나', '발열,인후통', '790211-1367890','jkruy654');

INSERT INTO RECORD VALUES (TO_DATE('2022-11-03 17:28:39','yyyy-mm-dd hh24:mi:ss'),'여성아이병원 신경외과', '독감', '인후통', '920122-2687413','turk848');
INSERT INTO RECORD VALUES (TO_DATE('2022-11-03 11:53:31','yyyy-mm-dd hh24:mi:ss'),'곽치과병원 치과', '임플란트', '치통', '390504-1222567','ktude8465');
INSERT INTO RECORD VALUES (TO_DATE('2022-11-16 11:28:39','yyyy-mm-dd hh24:mi:ss'),'여성아이병원 내과', '급성간염', '복통', '241130-2343678','turk848');
INSERT INTO RECORD VALUES (TO_DATE('2022-11-17 09:53:31','yyyy-mm-dd hh24:mi:ss'),'곽치과병원 치과', '발치', '치통', '490309-1323456','ktude8465');
INSERT INTO RECORD VALUES (TO_DATE('2022-11-23 14:53:31','yyyy-mm-dd hh24:mi:ss'),'곽치과병원 치과', '충치', '치통', '790211-1367890','ktude8465');

INSERT INTO RECORD VALUES (TO_DATE('2022-12-05 11:28:39','yyyy-mm-dd hh24:mi:ss'),'참조은병원 마취통증의학과', '독감', '인후통', '920122-2687413','jkruy654');
INSERT INTO RECORD VALUES (TO_DATE('2022-12-12 12:53:31','yyyy-mm-dd hh24:mi:ss'),'토마스치과의원 치과', '근관치료', '통증없음', '390504-1222567','haaeh984');
INSERT INTO RECORD VALUES (TO_DATE('2022-12-06 09:28:39','yyyy-mm-dd hh24:mi:ss'),'토마스치과의원 치과', '임플란트', '치통', '241130-2343678','haaeh984');
INSERT INTO RECORD VALUES (TO_DATE('2022-12-21 11:53:31','yyyy-mm-dd hh24:mi:ss'),'여성아이병원 내과', '코로나', '발열,인후통', '490309-1323456','turk848');
INSERT INTO RECORD VALUES (TO_DATE('2022-12-28 14:53:31','yyyy-mm-dd hh24:mi:ss'),'토마스치과의원 치과', '임플란트', '치통', '790211-1367890','haaeh984');



-- CONTROLS
INSERT INTO CONTROLS VALUES ('abcd1234', '951212-1234567');
INSERT INTO CONTROLS VALUES ('abcd1234', '990303-2345678');
INSERT INTO CONTROLS VALUES ('abcd1234', '850116-2123456');
INSERT INTO CONTROLS VALUES ('abcd1234', '010622-4567890');
INSERT INTO CONTROLS VALUES ('abcd1234', '110630-4987654');
INSERT INTO CONTROLS VALUES ('hos1016', '980416-1245789');
INSERT INTO CONTROLS VALUES ('gra468', '871123-2587410');
INSERT INTO CONTROLS VALUES ('gra468', '770917-2587411');
INSERT INTO CONTROLS VALUES ('hos1016', '660325-1587412');
INSERT INTO CONTROLS VALUES ('gra468', '990122-2587413');
INSERT INTO CONTROLS VALUES ('aefa4646', '790504-1234567');
INSERT INTO CONTROLS VALUES ('aefa4646', '841130-2343678');
INSERT INTO CONTROLS VALUES ('aefa4646', '990309-1923456');
INSERT INTO CONTROLS VALUES ('aefa4646', '690711-1367890');
INSERT INTO CONTROLS VALUES ('aefa4646', '120314-3387654');
INSERT INTO CONTROLS VALUES ('aefa4646', '730904-1902367');
INSERT INTO CONTROLS VALUES ('aefa4646', '140930-3329178');
INSERT INTO CONTROLS VALUES ('aefa4646', '810528-1722096');
INSERT INTO CONTROLS VALUES ('ragaar1463', '550721-1267320');
INSERT INTO CONTROLS VALUES ('ragaar1463', '021214-3343454');
INSERT INTO CONTROLS VALUES ('ragaar1463', '951212-1232567');
INSERT INTO CONTROLS VALUES ('gra468', '990303-2305478');
INSERT INTO CONTROLS VALUES ('ragaar1463', '850116-4901926');
INSERT INTO CONTROLS VALUES ('ragaar1463', '010622-4029230');
INSERT INTO CONTROLS VALUES ('ragaar1463', '110630-4111654');
INSERT INTO CONTROLS VALUES ('agwe9564', '980416-4242329');
INSERT INTO CONTROLS VALUES ('agwe9564', '871123-2587210');
INSERT INTO CONTROLS VALUES ('agwe9564', '770917-2587221');
INSERT INTO CONTROLS VALUES ('agwe9564', '660325-1587232');
INSERT INTO CONTROLS VALUES ('agwe9564', '990122-2999413');
INSERT INTO CONTROLS VALUES ('bggds64', '751212-1232567');
INSERT INTO CONTROLS VALUES ('bggds64', '840312-1305478');
INSERT INTO CONTROLS VALUES ('bggds64', '880316-1901926');
INSERT INTO CONTROLS VALUES ('bggds64', '040622-4029230');
INSERT INTO CONTROLS VALUES ('bggds64', '970620-1111654');
INSERT INTO CONTROLS VALUES ('adfef7545', '080912-4242329');
INSERT INTO CONTROLS VALUES ('adfef7545', '961123-2582310');
INSERT INTO CONTROLS VALUES ('adfef7545', '870923-2387221');
INSERT INTO CONTROLS VALUES ('adfef7545', '100325-3587232');
INSERT INTO CONTROLS VALUES ('adfef7545', '890122-2379413');
INSERT INTO CONTROLS VALUES ('fea54586', '751212-1232567');
INSERT INTO CONTROLS VALUES ('fea54586', '840312-1305478');
INSERT INTO CONTROLS VALUES ('fea54586', '880316-1901926');
INSERT INTO CONTROLS VALUES ('fea54586', '040622-4029230');
INSERT INTO CONTROLS VALUES ('fea54586', '970620-1111654');
INSERT INTO CONTROLS VALUES ('cdh451', '080912-4242329');
INSERT INTO CONTROLS VALUES ('cdh451', '961123-2582310');
INSERT INTO CONTROLS VALUES ('cdh451', '870923-2387221');
INSERT INTO CONTROLS VALUES ('cdh451', '100325-3587232');
INSERT INTO CONTROLS VALUES ('cdh451', '890122-2379413');
INSERT INTO CONTROLS VALUES ('gb6avf', '880209-1232367');
INSERT INTO CONTROLS VALUES ('gb6avf', '940612-1325478');
INSERT INTO CONTROLS VALUES ('gb6avf', '920416-19451926');
INSERT INTO CONTROLS VALUES ('gb6avf', '110622-4039230');
INSERT INTO CONTROLS VALUES ('gb6avf', '970820-1131254');
INSERT INTO CONTROLS VALUES ('qwqw45641', '000912-4242222');
INSERT INTO CONTROLS VALUES ('qwqw45641', '991027-2212710');
INSERT INTO CONTROLS VALUES ('qwqw45641', '870917-2237021');
INSERT INTO CONTROLS VALUES ('qwqw45641', '000315-3999232');
INSERT INTO CONTROLS VALUES ('qwqw45641', '490112-2873413');
INSERT INTO CONTROLS VALUES ('fda4648', '880209-1232367');
INSERT INTO CONTROLS VALUES ('fda4648', '940612-1325478');
INSERT INTO CONTROLS VALUES ('fda4648', '920416-19451926');
INSERT INTO CONTROLS VALUES ('fda4648', '110622-4039230');
INSERT INTO CONTROLS VALUES ('fda4648', '970820-1131254');
INSERT INTO CONTROLS VALUES ('fda4648', '000912-4242222');
INSERT INTO CONTROLS VALUES ('fda4648', '991027-2212710');
INSERT INTO CONTROLS VALUES ('fda4648', '870917-2237021');
INSERT INTO CONTROLS VALUES ('gregef648', '000315-3999232');
INSERT INTO CONTROLS VALUES ('gregef648', '490112-2873413');
INSERT INTO CONTROLS VALUES ('htehwg654', '880209-1232367');
INSERT INTO CONTROLS VALUES ('htehwg654', '940612-1325478');
INSERT INTO CONTROLS VALUES ('htehwg654', '920416-19451926');
INSERT INTO CONTROLS VALUES ('gsae78', '110622-4039230');
INSERT INTO CONTROLS VALUES ('htehwg654', '970820-1131254');
INSERT INTO CONTROLS VALUES ('htehwg654', '000912-4242222');
INSERT INTO CONTROLS VALUES ('htehwg654', '991027-2212710');
INSERT INTO CONTROLS VALUES ('htehwg654', '870917-2237021');
INSERT INTO CONTROLS VALUES ('gsae78', '000315-3999232');
INSERT INTO CONTROLS VALUES ('htehwg654', '490112-2873413');
INSERT INTO CONTROLS VALUES ('jkruy654', '920122-2687413');
INSERT INTO CONTROLS VALUES ('jkruy654', '390504-1222567');
INSERT INTO CONTROLS VALUES ('turk848', '241130-2343678');
INSERT INTO CONTROLS VALUES ('jkruy654', '490309-1323456');
INSERT INTO CONTROLS VALUES ('jkruy654', '790211-1367890');
INSERT INTO CONTROLS VALUES ('turk848', '920122-2687413');
INSERT INTO CONTROLS VALUES ('ktude8465', '390504-1222567');
INSERT INTO CONTROLS VALUES ('ktude8465', '490309-1323456');
INSERT INTO CONTROLS VALUES ('ktude8465', '790211-1367890');
INSERT INTO CONTROLS VALUES ('haaeh984', '390504-1222567');
INSERT INTO CONTROLS VALUES ('haaeh984', '241130-2343678');
INSERT INTO CONTROLS VALUES ('turk848', '490309-1323456');
INSERT INTO CONTROLS VALUES ('haaeh984', '790211-1367890');
INSERT INTO CONTROLS VALUES ('hos1016', '850116-2123456');
INSERT INTO CONTROLS VALUES ('hos1016', '880209-1232367');
INSERT INTO CONTROLS VALUES ('gregef648', '040930-3329178');
INSERT INTO CONTROLS VALUES ('gregef648', '890122-2823413');
INSERT INTO CONTROLS VALUES ('gsae78', '951212-1232567');
INSERT INTO CONTROLS VALUES ('gsae78', '990309-1923456');
INSERT INTO CONTROLS VALUES ('turk848', '730904-1902367');
INSERT INTO CONTROLS VALUES ('ktude8465', '770917-2587411');
INSERT INTO CONTROLS VALUES ('ktude8465', '841130-2343678');
INSERT INTO CONTROLS VALUES ('jkruy654', '990303-2305478');
INSERT INTO CONTROLS VALUES ('hos1016', '120314-3387654');
INSERT INTO CONTROLS VALUES ('haaeh984', '550721-1267320');
INSERT INTO CONTROLS VALUES ('haaeh984', '880316-1901926');
INSERT INTO CONTROLS VALUES ('gsae78', '241130-2343678');
INSERT INTO CONTROLS VALUES ('gregef648', '880528-1721296');
INSERT INTO CONTROLS VALUES ('gra468', '040622-4029230');
INSERT INTO CONTROLS VALUES ('abcd1234', '790211-1367890');
INSERT INTO CONTROLS VALUES ('agwe9564', '490112-2873413');
INSERT INTO CONTROLS VALUES ('agwe9564', '970820-1131254');
INSERT INTO CONTROLS VALUES ('fea54586', '000315-3999232');
INSERT INTO CONTROLS VALUES ('fea54586', '740312-1333478');
INSERT INTO CONTROLS VALUES ('jkruy654', '951212-1234567');
INSERT INTO CONTROLS VALUES ('jkruy654', '010622-4567890');
INSERT INTO CONTROLS VALUES ('ktude8465', '690711-1367890');
INSERT INTO CONTROLS VALUES ('ktude8465', '550721-1267320');
INSERT INTO CONTROLS VALUES ('hos1016', '871123-2587210');
INSERT INTO CONTROLS VALUES ('hos1016', '110622-4039230');